problem,options,answer,syn/ant,word
"Choose the synonym for 'abandon'.","[""barren"",""demolished"",""desert"",""probation""]","desert","syn","abandon"
"Choose the synonym for 'abundance'.","[""surplus"",""decrepit"",""vanish"",""tepid""]","surplus","syn","abundance"
"Choose the synonym for 'affable'.","[""sociable"",""fickle"",""adhere"",""limp""]","sociable","syn","affable"
"Choose the synonym for 'antiquity' (a historical period).","[""hapless"",""ancient times"",""imperative"",""barren""]","ancient times","syn","antiquity"
"Choose the synonym for 'arduous'.","[""ordeal"",""berate"",""strenuous"",""memoir""]","strenuous","syn","arduous"
"Choose the synonym for 'assiduous'.","[""conflagration"",""sullen"",""irksome"",""industrious""]","industrious","syn","assiduous"
"Choose the synonym for 'avowed'.","[""potential"",""affirmed"",""fusion"",""sage""]","affirmed","syn","avowed"
"Choose the synonym for 'barren'.","[""waver"",""malicious"",""genial"",""infertile""]","infertile","syn","barren"
"Choose the synonym for 'belligerent'.","[""aggressive"",""impair"",""probable"",""fluctuate""]","aggressive","syn","belligerent"
"Choose the synonym for 'besieged'.","[""scalding"",""surrounded"",""melancholy"",""probation""]","surrounded","syn","besieged"
"Choose the synonym for 'bewildered'.","[""plunder"",""irate"",""confused"",""pique""]","confused","syn","bewildered"
"Choose the synonym for 'choreographer'.","[""procrastinate"",""godsend"",""dance creator"",""unfathomable""]","dance creator","syn","choreographer"
"Choose the synonym for 'composition'.","[""shun"",""creation"",""ingredient"",""procrastinate""]","creation","syn","composition"
"Choose the synonym for 'comrade'.","[""companion"",""immerse"",""trivia"",""tempest""]","companion","syn","comrade"
"Choose the synonym for 'conscience'.","[""avowed"",""conserve"",""trinket"",""moral sense""]","moral sense","syn","conscience"
"Choose the synonym for 'contemporary' (describing modern art).","[""demolished"",""frugal"",""current"",""susceptible""]","current","syn","contemporary"
"Choose the synonym for 'conventional'.","[""superfluous"",""assent"",""domestic"",""traditional""]","traditional","syn","conventional"
"Choose the synonym for 'covet'.","[""temperate"",""cork"",""desire"",""caprine""]","desire","syn","covet"
"Choose the synonym for 'coy'.","[""subordinate"",""crooked"",""shy"",""heed""]","shy","syn","coy"
"Choose the synonym for 'deceive'.","[""trick"",""cervine"",""myth"",""placid""]","trick","syn","deceive"
"Choose the synonym for 'demolished'.","[""permeate"",""scrupulous"",""tint"",""destroyed""]","destroyed","syn","demolished"
"Choose the synonym for 'destitute'.","[""impoverished"",""chronicle"",""splendid"",""asinine""]","impoverished","syn","destitute"
"Choose the synonym for 'dilapidated'.","[""lea"",""discord"",""decrepit"",""crop""]","decrepit","syn","dilapidated"
"Choose the synonym for 'diluted'.","[""dwelling"",""corvine"",""weakened"",""pique""]","weakened","syn","diluted"
"Choose the synonym for 'disarray'.","[""disorder"",""dismay"",""banish"",""censorious""]","disorder","syn","disarray"
"Choose the synonym for 'disastrous'.","[""pristine"",""settee"",""catastrophic"",""imbecile""]","catastrophic","syn","disastrous"
"Choose the synonym for 'dishevelled'.","[""unkempt"",""insolent"",""diplomatic"",""baffle""]","unkempt","syn","dishevelled"
"Choose the synonym for 'dismal'.","[""immaculate"",""cordial"",""sagacious"",""gloomy""]","gloomy","syn","dismal"
"Choose the synonym for 'disperse'.","[""vex"",""loathe"",""scatter"",""caprine""]","scatter","syn","disperse"
"Choose the synonym for 'drought'.","[""dry spell"",""fester"",""grotesque"",""scowl""]","dry spell","syn","drought"
"Choose the synonym for 'embarrass'.","[""interrogate"",""cellar"",""nauseous"",""humiliate""]","humiliate","syn","embarrass"
"Choose the synonym for 'endeavour'.","[""attempt"",""tint"",""virtue"",""endure""]","attempt","syn","endeavour"
"Choose the synonym for 'enterprise'.","[""deplete"",""trickle"",""venture"",""vulgar""]","venture","syn","enterprise"
"Choose the synonym for 'errand'.","[""evaluation"",""chore"",""melancholy"",""shrewd""]","chore","syn","errand"
"Choose the synonym for 'evident'.","[""apparent"",""disperse"",""miser"",""meticulous""]","apparent","syn","evident"
"Choose the synonym for 'explanation'.","[""clarification"",""wee"",""dispute"",""probation""]","clarification","syn","explanation"
"Choose the synonym for 'famine'.","[""savage"",""liable"",""comprehensive"",""starvation""]","starvation","syn","famine"
"Choose the synonym for 'fatigue'.","[""offend"",""taut"",""exhaustion"",""peculiar""]","exhaustion","syn","fatigue"
"Choose the synonym for 'feign'.","[""plunder"",""susceptible"",""pretend"",""inane""]","pretend","syn","feign"
"Choose the synonym for 'flamboyant'.","[""relish"",""pliable"",""showy"",""decoy""]","showy","syn","flamboyant"
"Choose the synonym for 'fleet' (at sea).","[""squander"",""contemporary"",""passive"",""flotilla""]","flotilla","syn","fleet"
"Choose the synonym for 'frivolous'.","[""feeble"",""inflame"",""trivial"",""exorbitant""]","trivial","syn","frivolous"
"Choose the synonym for 'gratitude'.","[""thankfulness"",""forthwith"",""current"",""despicable""]","thankfulness","syn","gratitude"
"Choose the synonym for 'gregarious'.","[""grieve"",""acid"",""passive"",""sociable""]","sociable","syn","gregarious"
"Choose the synonym for 'grotesque'.","[""hideous"",""coy"",""inaugurate"",""felicitous""]","hideous","syn","grotesque"
"Choose the synonym for 'helix' (a shape).","[""despair"",""conceited"",""restrain"",""coil""]","coil","syn","helix"
"Choose the synonym for 'hygienic'.","[""barb"",""sanitary"",""indulgent"",""conscience""]","sanitary","syn","hygienic"
"Choose the synonym for 'idiosyncrasy'.","[""sway"",""conceit"",""peculiarity"",""celestial""]","peculiarity","syn","idiosyncrasy"
"Choose the synonym for 'immerse' (in liquid).","[""controversy"",""submerge"",""assiduous"",""scalding""]","submerge","syn","immerse"
"Choose the synonym for 'impudent'.","[""scoff"",""insolent"",""obstinate"",""comprehensive""]","insolent","syn","impudent"
"Choose the synonym for 'inaugural'.","[""flog"",""dopey"",""snivel"",""first""]","first","syn","inaugural"
"Choose the synonym for 'inconspicuous'.","[""rebuke"",""unobtrusive"",""hapless"",""derelict""]","unobtrusive","syn","inconspicuous"
"Choose the synonym for 'innocuous'.","[""dilate"",""toil"",""harmless"",""sporadically""]","harmless","syn","innocuous"
"Choose the synonym for 'insolent'.","[""chore"",""impudent"",""juvenile"",""pensive""]","impudent","syn","insolent"
"Choose the synonym for 'lament'.","[""faux"",""celestial"",""grieve"",""nimble""]","grieve","syn","lament"
"Choose the synonym for 'lavish'.","[""extravagant"",""flourish"",""dread"",""insignia""]","extravagant","syn","lavish"
"Choose the synonym for 'malady'.","[""procrastinate"",""lucid"",""lament"",""illness""]","illness","syn","malady"
"Choose the synonym for 'matte' (a surface finish).","[""stalwart"",""vulgar"",""dull"",""nauseous""]","dull","syn","matte"
"Choose the synonym for 'meagre'.","[""felicitous"",""marquee"",""scanty"",""deceit""]","scanty","syn","meagre"
"Choose the synonym for 'melancholy'.","[""flamboyant"",""sadness"",""retreat"",""eccentric""]","sadness","syn","melancholy"
"Choose the synonym for 'merchant'.","[""grave"",""trader"",""poise"",""endeavour""]","trader","syn","merchant"
"Choose the synonym for 'meticulous'.","[""desire"",""thorough"",""banish"",""tally""]","thorough","syn","meticulous"
"Choose the synonym for 'nauseous'.","[""queasy"",""placid"",""taut"",""gloomy""]","queasy","syn","nauseous"
"Choose the synonym for 'nimble'.","[""agile"",""whisper"",""whimper"",""dazzling""]","agile","syn","nimble"
"Choose the synonym for 'nuisance'.","[""cervine"",""concur"",""astute"",""annoyance""]","annoyance","syn","nuisance"
"Choose the synonym for 'obstinate'.","[""stubborn"",""insipid"",""economical"",""sanguine""]","stubborn","syn","obstinate"
"Choose the synonym for 'omen'.","[""submissive"",""jovial"",""sign"",""curtail""]","sign","syn","omen"
"Choose the synonym for 'oppress'.","[""rupture"",""persecute"",""advice"",""enterprise""]","persecute","syn","oppress"
"Choose the synonym for 'ordeal'.","[""technophobe"",""conscience"",""trial"",""toil""]","trial","syn","ordeal"
"Choose the synonym for 'ostentatious'.","[""vowel"",""pilfer"",""chronicle"",""pretentious""]","pretentious","syn","ostentatious"
"Choose the synonym for 'palaeontologist'.","[""dilemma"",""fleet"",""fossil scientist"",""howl""]","fossil scientist","syn","palaeontologist"
"Choose the synonym for 'peril'.","[""grieve"",""danger"",""subdued"",""artefact""]","danger","syn","peril"
"Choose the synonym for 'perish' (in a disaster).","[""succumb"",""truce"",""fertile"",""witty""]","succumb","syn","perish"
"Choose the synonym for 'pioneer'.","[""whimper"",""innovator"",""procrastinate"",""squander""]","innovator","syn","pioneer"
"Choose the synonym for 'placid'.","[""tranquil"",""poverty"",""aspire"",""cuisine""]","tranquil","syn","placid"
"Choose the synonym for 'polarity'.","[""stalwart"",""opposition"",""conserve"",""peddle""]","opposition","syn","polarity"
"Choose the synonym for 'pompous'.","[""obedient"",""perplexed"",""pretentious"",""astute""]","pretentious","syn","pompous"
"Choose the synonym for 'precarious'.","[""risky"",""lax"",""enrage"",""despicable""]","risky","syn","precarious"
"Choose the synonym for 'prohibit'.","[""temperate"",""vice"",""forbid"",""elongate""]","forbid","syn","prohibit"
"Choose the synonym for 'provoke'.","[""decrepit"",""affable"",""polarity"",""irritate""]","irritate","syn","provoke"
"Choose the synonym for 'quaint' (describing an old village).","[""seize"",""subterranean"",""petty"",""old-fashioned""]","old-fashioned","syn","quaint"
"Choose the synonym for 'quench' (thirst).","[""clamour"",""radiant"",""abhor"",""satisfy""]","satisfy","syn","quench"
"Choose the synonym for 'raiment'.","[""divulge"",""filth"",""relevant"",""clothing""]","clothing","syn","raiment"
"Choose the synonym for 'reprimand'.","[""thorough"",""rebuke"",""vain"",""sweltering""]","rebuke","syn","reprimand"
"Choose the synonym for 'restrain'.","[""leonine"",""restrict"",""impudent"",""ploy""]","restrict","syn","restrain"
"Choose the synonym for 'rigid' (a material).","[""stiff"",""memoir"",""deduct"",""perish""]","stiff","syn","rigid"
"Choose the synonym for 'scanty'.","[""censorious"",""raiment"",""jovial"",""meagre""]","meagre","syn","scanty"
"Choose the synonym for 'scripture'.","[""sacred text"",""canine"",""unkempt"",""ambiguous""]","sacred text","syn","scripture"
"Choose the synonym for 'seize'.","[""extravagance"",""grab"",""besotted"",""contemplate""]","grab","syn","seize"
"Choose the synonym for 'sermon'.","[""affluence"",""address"",""dilemma"",""auspicious""]","address","syn","sermon"
"Choose the synonym for 'stern'.","[""perish"",""severe"",""adhere"",""animosity""]","severe","syn","stern"
"Choose the synonym for 'submissive'.","[""placate"",""obedient"",""offend"",""submerge""]","obedient","syn","submissive"
"Choose the synonym for 'succumb'.","[""marquee"",""yield"",""acid"",""hasty""]","yield","syn","succumb"
"Choose the synonym for 'tempestuous'.","[""curtail"",""turbulent"",""innocuous"",""scanty""]","turbulent","syn","tempestuous"
"Choose the synonym for 'tranquil'.","[""virtuous"",""deliberate"",""porcine"",""placid""]","placid","syn","tranquil"
"Choose the synonym for 'turbulent'.","[""stormy"",""enmity"",""sullen"",""froth""]","stormy","syn","turbulent"
"Choose the synonym for 'vicarious'.","[""majestic"",""probable"",""indirect"",""innocuous""]","indirect","syn","vicarious"
"Choose the synonym for 'virtuous'.","[""legend"",""vanish"",""moral"",""lax""]","moral","syn","virtuous"
"Choose the synonym for 'wither'.","[""acute"",""conceited"",""shrivel"",""imperative""]","shrivel","syn","wither"
"Choose the synonym for 'wretched'.","[""malady"",""trinket"",""folly"",""miserable""]","miserable","syn","wretched"
"Choose the synonym for 'abode'.","[""dwelling"",""abridge"",""grave"",""caption""]","dwelling","syn","abode"
"Choose the synonym for 'absurd'.","[""ridiculous"",""wander"",""imbecile"",""dearth""]","ridiculous","syn","absurd"
"Choose the synonym for 'adhere'.","[""commence"",""fragrant"",""stick"",""snub""]","stick","syn","adhere"
"Choose the synonym for 'advice'.","[""regal"",""guidance"",""insignificant"",""disclose""]","guidance","syn","advice"
"Choose the synonym for 'ancient'.","[""abundance"",""device"",""disastrous"",""old""]","old","syn","ancient"
"Choose the synonym for 'apparent' (describing an obvious fact).","[""evident"",""gadget"",""obtuse"",""malicious""]","evident","syn","apparent"
"Choose the synonym for 'banish'.","[""molten"",""sated"",""exile"",""serpentine""]","exile","syn","banish"
"Choose the synonym for 'beck'.","[""barren"",""unfathomable"",""gesture"",""inconsequential""]","gesture","syn","beck"
"Choose the synonym for 'brusque'.","[""conceal"",""gratitude"",""blunt"",""baffle""]","blunt","syn","brusque"
"Choose the synonym for 'calamity'.","[""ravenous"",""ingredient"",""enrapt"",""disaster""]","disaster","syn","calamity"
"Choose the synonym for 'caulk'.","[""adhere"",""seal"",""meticulous"",""pompous""]","seal","syn","caulk"
"Choose the synonym for 'clemency'.","[""sanitary"",""austerity"",""mist"",""mercy""]","mercy","syn","clemency"
"Choose the synonym for 'coax'.","[""nuisance"",""trifling"",""persuade"",""auspicious""]","persuade","syn","coax"
"Choose the synonym for 'commence'.","[""loathsome"",""hammock"",""begin"",""marquee""]","begin","syn","commence"
"Choose the synonym for 'complement'.","[""prejudice"",""enhancement"",""adhere"",""desire""]","enhancement","syn","complement"
"Choose the synonym for 'compliment'.","[""bedlam"",""praise"",""hawk"",""impudent""]","praise","syn","compliment"
"Choose the synonym for 'conceal'.","[""negligible"",""vicarious"",""disguise"",""despise""]","disguise","syn","conceal"
"Choose the synonym for 'conceit'.","[""husk"",""apprehend"",""vanity"",""probate""]","vanity","syn","conceit"
"Choose the synonym for 'condemn'.","[""crevice"",""sway"",""cellar"",""censure""]","censure","syn","condemn"
"Choose the synonym for 'conflagration'.","[""frivolous"",""hinder"",""inferno"",""warp""]","inferno","syn","conflagration"
"Choose the synonym for 'controversy'.","[""demolished"",""sermon"",""pristine"",""dispute""]","dispute","syn","controversy"
"Choose the synonym for 'deceit'.","[""surmise"",""tepid"",""austerity"",""deception""]","deception","syn","deceit"
"Choose the synonym for 'deliberate'.","[""sweltering"",""margin"",""intentional"",""anguish""]","intentional","syn","deliberate"
"Choose the synonym for 'derelict'.","[""quaint"",""corvine"",""obsolete"",""dilapidated""]","dilapidated","syn","derelict"
"Choose the synonym for 'despise'.","[""loathe"",""abstain"",""exaggerate"",""dawdle""]","loathe","syn","despise"
"Choose the synonym for 'device'.","[""grotesque"",""dishevelled"",""concur"",""gadget""]","gadget","syn","device"
"Choose the synonym for 'din'.","[""clamour"",""chronicle"",""aggravation"",""inconsequential""]","clamour","syn","din"
"Choose the synonym for 'disclose'.","[""wane"",""divulge"",""decoy"",""prohibit""]","divulge","syn","disclose"
"Choose the synonym for 'dispute'.","[""steadfast"",""lout"",""inaugurate"",""argument""]","argument","syn","dispute"
"Choose the synonym for 'distress'.","[""covert"",""break a leg"",""anguish"",""shun""]","anguish","syn","distress"
"Choose the synonym for 'dwelling'.","[""sway"",""abode"",""kindle"",""sage""]","abode","syn","dwelling"
"Choose the synonym for 'economical'.","[""placate"",""thrifty"",""jovial"",""brusque""]","thrifty","syn","economical"
"Choose the synonym for 'elude'.","[""evade"",""disarray"",""impervious"",""composition""]","evade","syn","elude"
"Choose the synonym for 'emerge'.","[""appear"",""jury"",""smother"",""glut""]","appear","syn","emerge"
"Choose the synonym for 'endure'.","[""tolerate"",""pretentious"",""flamboyant"",""obtuse""]","tolerate","syn","endure"
"Choose the synonym for 'evaluation'.","[""slit"",""infamy"",""peculiar"",""assessment""]","assessment","syn","evaluation"
"Choose the synonym for 'exaggerate'.","[""commence"",""supple"",""overstate"",""devout""]","overstate","syn","exaggerate"
"Choose the synonym for 'extinction'.","[""inaugural"",""royal"",""disappearance"",""fertile""]","disappearance","syn","extinction"
"Choose the synonym for 'factual'.","[""insipid"",""probate"",""solace"",""accurate""]","accurate","syn","factual"
"Choose the synonym for 'fatal'.","[""legend"",""deadly"",""regal"",""vanity""]","deadly","syn","fatal"
"Choose the synonym for 'feeble'.","[""weak"",""adhere"",""froth"",""poise""]","weak","syn","feeble"
"Choose the synonym for 'fertile'.","[""elude"",""vex"",""productive"",""mobile""]","productive","syn","fertile"
"Choose the synonym for 'flourish'.","[""disguise"",""thrive"",""urge"",""inept""]","thrive","syn","flourish"
"Choose the synonym for 'grave' (a warning).","[""notoriety"",""impartial"",""serious"",""prevalent""]","serious","syn","grave"
"Choose the synonym for 'grieve'.","[""obscene"",""fissure"",""conceit"",""lament""]","lament","syn","grieve"
"Choose the synonym for 'harbour'.","[""port"",""apprehend"",""exhausted"",""wary""]","port","syn","harbour"
"Choose the synonym for 'hasty'.","[""hurried"",""ploy"",""dilate"",""pique""]","hurried","syn","hasty"
"Choose the synonym for 'hindrance'.","[""ploy"",""impediment"",""ambulatory"",""slack""]","impediment","syn","hindrance"
"Choose the synonym for 'hoax'.","[""thrifty"",""deception"",""diplomatic"",""famished""]","deception","syn","hoax"
"Choose the synonym for 'ignorant'.","[""disastrous"",""uninformed"",""ferocious"",""exorbitant""]","uninformed","syn","ignorant"
"Choose the synonym for 'imitate'.","[""severe"",""disarray"",""copy"",""cellar""]","copy","syn","imitate"
"Choose the synonym for 'inaugurate'.","[""encompass"",""diplomatic"",""launch"",""wee""]","launch","syn","inaugurate"
"Choose the synonym for 'incision'.","[""riveting"",""caulk"",""elongate"",""slit""]","slit","syn","incision"
"Choose the synonym for 'inferior'.","[""conceit"",""tepid"",""acid"",""subordinate""]","subordinate","syn","inferior"
"Choose the synonym for 'inhabitants'.","[""wreck"",""deliberate"",""residents"",""trough""]","residents","syn","inhabitants"
"Choose the synonym for 'interfere'.","[""abridge"",""meddle"",""potent"",""empire""]","meddle","syn","interfere"
"Choose the synonym for 'interrogate'.","[""embarrass"",""question"",""thwart"",""gratitude""]","question","syn","interrogate"
"Choose the synonym for 'isolation'.","[""ambiguous"",""notion"",""prudent"",""separation""]","separation","syn","isolation"
"Choose the synonym for 'lenient'.","[""merciful"",""economical"",""avowed"",""invigorated""]","merciful","syn","lenient"
"Choose the synonym for 'liable' (for damage).","[""inaugural"",""vanity"",""responsible"",""unfathomable""]","responsible","syn","liable"
"Choose the synonym for 'linger'.","[""replete"",""sporadically"",""remain"",""disclose""]","remain","syn","linger"
"Choose the synonym for 'lofty' (a tower).","[""suppress"",""high"",""hindrance"",""virtue""]","high","syn","lofty"
"Choose the synonym for 'majestic'.","[""impale"",""grand"",""diplomatic"",""peddle""]","grand","syn","majestic"
"Choose the synonym for 'margin' (of a page).","[""enterprise"",""seize"",""ancient"",""edge""]","edge","syn","margin"
"Choose the synonym for 'oblige' (a rule obliges someone to act).","[""conspiracy"",""diplomatic"",""fret"",""compel""]","compel","syn","oblige"
"Choose the synonym for 'offend'.","[""quaint"",""intricate"",""snicker"",""insult""]","insult","syn","offend"
"Choose the synonym for 'opportunity'.","[""contemplate"",""impede"",""chance"",""inane""]","chance","syn","opportunity"
"Choose the synonym for 'painstaking'.","[""lucid"",""sanitary"",""meticulous"",""savvy""]","meticulous","syn","painstaking"
"Choose the synonym for 'passive'.","[""deduct"",""cellar"",""submissive"",""prohibit""]","submissive","syn","passive"
"Choose the synonym for 'peculiar' (a habit).","[""abundance"",""rebuke"",""strange"",""demolish""]","strange","syn","peculiar"
"Choose the synonym for 'perceive'.","[""hawk"",""apathy"",""notice"",""myth""]","notice","syn","perceive"
"Choose the synonym for 'perplexed'.","[""bewildered"",""placid"",""din"",""severe""]","bewildered","syn","perplexed"
"Choose the synonym for 'pigment'.","[""intricate"",""mediocre"",""extravagance"",""colouring""]","colouring","syn","pigment"
"Choose the synonym for 'plunder'.","[""snicker"",""loot"",""sermon"",""jaded""]","loot","syn","plunder"
"Choose the synonym for 'pretence'.","[""splendid"",""deception"",""pungent"",""wax""]","deception","syn","pretence"
"Choose the synonym for 'proclaim'.","[""announce"",""compulsory"",""avowed"",""foil""]","announce","syn","proclaim"
"Choose the synonym for 'prophecy'.","[""solitary"",""rivet"",""vapour"",""prediction""]","prediction","syn","prophecy"
"Choose the synonym for 'relevant'.","[""pertinent"",""meld"",""stride"",""diplomatic""]","pertinent","syn","relevant"
"Choose the synonym for 'repent'.","[""myriad"",""regret"",""temperate"",""acute""]","regret","syn","repent"
"Choose the synonym for 'resort to'.","[""whimper"",""turn to"",""chortle"",""prohibit""]","turn to","syn","resort to"
"Choose the synonym for 'retreat'.","[""withdraw"",""solitary"",""pungent"",""oppress""]","withdraw","syn","retreat"
"Choose the synonym for 'rowdy'.","[""boisterous"",""smother"",""deliberate"",""sanguine""]","boisterous","syn","rowdy"
"Choose the synonym for 'sanguine'.","[""queasy"",""optimistic"",""aloof"",""curtail""]","optimistic","syn","sanguine"
"Choose the synonym for 'sanitary'.","[""besieged"",""stride"",""hygienic"",""urban""]","hygienic","syn","sanitary"
"Choose the synonym for 'stationary' (a vehicle).","[""token"",""slit"",""thrifty"",""still""]","still","syn","stationary"
"Choose the synonym for 'sturdy'.","[""impale"",""aggravation"",""strong"",""jeer""]","strong","syn","sturdy"
"Choose the synonym for 'subdued'.","[""idiosyncrasy"",""consonant"",""leonine"",""muted""]","muted","syn","subdued"
"Choose the synonym for 'subterfuge'.","[""vein"",""deceit"",""heed"",""cellar""]","deceit","syn","subterfuge"
"Choose the synonym for 'subterranean'.","[""placate"",""substantial"",""husk"",""underground""]","underground","syn","subterranean"
"Choose the synonym for 'summit' (of a mountain).","[""murine"",""pilfer"",""pinnacle"",""nimble""]","pinnacle","syn","summit"
"Choose the synonym for 'superfluous'.","[""rural"",""pretence"",""unnecessary"",""sagacious""]","unnecessary","syn","superfluous"
"Choose the synonym for 'torment' (a feeling).","[""hasty"",""extinction"",""anguish"",""doltish""]","anguish","syn","torment"
"Choose the synonym for 'trivia'.","[""fable"",""supple"",""trifles"",""dilapidated""]","trifles","syn","trivia"
"Choose the synonym for 'trivial'.","[""virtuous"",""contemplate"",""insignificant"",""subterfuge""]","insignificant","syn","trivial"
"Choose the synonym for 'unfathomable'.","[""witty"",""lucid"",""pigment"",""incomprehensible""]","incomprehensible","syn","unfathomable"
"Choose the synonym for 'unsurpassed'.","[""unequalled"",""censorious"",""dearth"",""deteriorate""]","unequalled","syn","unsurpassed"
"Choose the synonym for 'vanish'.","[""vapour"",""nullify"",""disappear"",""conspiracy""]","disappear","syn","vanish"
"Choose the synonym for 'volatile' (a situation).","[""prevalent"",""unstable"",""lea"",""thrifty""]","unstable","syn","volatile"
"Choose the synonym for 'yacht'.","[""pleasure boat"",""subordinate"",""ignite"",""hawk""]","pleasure boat","syn","yacht"
"Choose the synonym for 'yield' (a harvest).","[""peril"",""oblige"",""produce"",""vex""]","produce","syn","yield"
"Choose the synonym for 'tardy'.","[""gulp"",""rural"",""probable"",""late""]","late","syn","tardy"
"Choose the synonym for 'punctual'.","[""dopey"",""notion"",""imbecile"",""prompt""]","prompt","syn","punctual"
"Choose the synonym for 'deteriorate'.","[""feud"",""sporadically"",""pristine"",""worsen""]","worsen","syn","deteriorate"
"Choose the synonym for 'thrive'.","[""club"",""flourish"",""corvine"",""turbulent""]","flourish","syn","thrive"
"Choose the synonym for 'imperative'.","[""froth"",""frown"",""malicious"",""vital""]","vital","syn","imperative"
"Choose the synonym for 'lout'.","[""famished"",""boor"",""malady"",""omen""]","boor","syn","lout"
"Choose the synonym for 'viscous'.","[""folly"",""elongate"",""conceal"",""thick""]","thick","syn","viscous"
"Choose the synonym for 'vicious'.","[""exorbitant"",""savage"",""splendid"",""wretched""]","savage","syn","vicious"
"Choose the synonym for 'gravely'.","[""jubilant"",""seriously"",""aromatic"",""aloof""]","seriously","syn","gravely"
"Choose the synonym for 'boldness'.","[""hygienic"",""courage"",""probate"",""thrifty""]","courage","syn","boldness"
"Choose the synonym for 'fortitude'.","[""absolve"",""famine"",""fraught"",""courage""]","courage","syn","fortitude"
"Choose the synonym for 'grit' (a personal quality).","[""assiduous"",""determination"",""opportunity"",""viscous""]","determination","syn","grit"
"Choose the synonym for 'apprehension'.","[""aromatic"",""anxiety"",""imperious"",""merchant""]","anxiety","syn","apprehension"
"Choose the synonym for 'rivet' (an audience).","[""deter"",""immaterial"",""impartial"",""engross""]","engross","syn","rivet"
"Choose the synonym for 'riveting'.","[""diligent"",""gripping"",""arduous"",""tease""]","gripping","syn","riveting"
"Choose the synonym for 'tedious'.","[""prudent"",""absolve"",""boring"",""incision""]","boring","syn","tedious"
"Choose the synonym for 'apathy'.","[""bovine"",""godsend"",""indifference"",""bland""]","indifference","syn","apathy"
"Choose the synonym for 'veto'.","[""forgo"",""prohibit"",""infamy"",""astute""]","prohibit","syn","veto"
"Choose the synonym for 'agitated'.","[""anxious"",""indulgent"",""evaluation"",""cork""]","anxious","syn","agitated"
"Choose the synonym for 'haughty'.","[""vile"",""arrogant"",""poise"",""regal""]","arrogant","syn","haughty"
"Choose the synonym for 'sanction' (permission).","[""authorisation"",""absolve"",""covert"",""equivocate""]","authorisation","syn","sanction"
"Choose the synonym for 'rectify'.","[""gulp"",""agitated"",""timid"",""correct""]","correct","syn","rectify"
"Choose the synonym for 'feud'.","[""rectify"",""conflict"",""ignite"",""fester""]","conflict","syn","feud"
"Choose the synonym for 'startle'.","[""surprise"",""probation"",""fickle"",""melodious""]","surprise","syn","startle"
"Choose the synonym for 'savage'.","[""fierce"",""procrastinate"",""punctual"",""anguish""]","fierce","syn","savage"
"Choose the synonym for 'ferocious'.","[""savage"",""demean"",""detrimental"",""nullify""]","savage","syn","ferocious"
"Choose the synonym for 'callous'.","[""midst"",""savvy"",""heartless"",""infamy""]","heartless","syn","callous"
"Choose the synonym for 'demean'.","[""spurn"",""savvy"",""irksome"",""degrade""]","degrade","syn","demean"
"Choose the synonym for 'animosity'.","[""frigid"",""tempestuous"",""hostility"",""aromatic""]","hostility","syn","animosity"
"Choose the synonym for 'besotted'.","[""lenient"",""procrastinate"",""break a leg"",""infatuated""]","infatuated","syn","besotted"
"Choose the synonym for 'relish'.","[""enjoy"",""felicitous"",""empire"",""current""]","enjoy","syn","relish"
"Choose the synonym for 'abhor'.","[""submissive"",""urban"",""rural"",""loathe""]","loathe","syn","abhor"
"Choose the synonym for 'loathe'.","[""prejudice"",""acid"",""despise"",""dismal""]","despise","syn","loathe"
"Choose the synonym for 'enmity'.","[""harbour"",""calamity"",""equine"",""hostility""]","hostility","syn","enmity"
"Choose the synonym for 'steadfast'.","[""tepid"",""din"",""resolute"",""vend""]","resolute","syn","steadfast"
"Choose the synonym for 'supple'.","[""disperse"",""interfere"",""pliable"",""embarrass""]","pliable","syn","supple"
"Choose the synonym for 'potent'.","[""spurn"",""powerful"",""aloof"",""mobile""]","powerful","syn","potent"
"Choose the synonym for 'conceited'.","[""ordeal"",""stern"",""prevalent"",""vain""]","vain","syn","conceited"
"Choose the synonym for 'pretentious'.","[""coy"",""wavy"",""temperate"",""pompous""]","pompous","syn","pretentious"
"Choose the synonym for 'malicious'.","[""subdued"",""spiteful"",""obliging"",""encompass""]","spiteful","syn","malicious"
"Choose the synonym for 'foam'.","[""froth"",""interfere"",""vain"",""deteriorate""]","froth","syn","foam"
"Choose the synonym for 'froth'.","[""dilapidated"",""barren"",""foam"",""slack""]","foam","syn","froth"
"Choose the synonym for 'fret'.","[""worry"",""lout"",""startle"",""sole""]","worry","syn","fret"
"Choose the synonym for 'obscene'.","[""indecent"",""filth"",""vanity"",""scruffy""]","indecent","syn","obscene"
"Choose the synonym for 'vulgar'.","[""crave"",""unsurpassed"",""crude"",""profligate""]","crude","syn","vulgar"
"Choose the synonym for 'cordial'.","[""perplexed"",""friendly"",""barren"",""din""]","friendly","syn","cordial"
"Choose the synonym for 'demolish' (a building).","[""frown"",""deter"",""destroy"",""fertile""]","destroy","syn","demolish"
"Choose the synonym for 'facile'.","[""pretence"",""peddle"",""indulgent"",""easy""]","easy","syn","facile"
"Choose the synonym for 'cinch'.","[""slack"",""impale"",""breeze"",""gloomy""]","breeze","syn","cinch"
"Choose the synonym for 'intricate'.","[""complex"",""filth"",""meagre"",""pious""]","complex","syn","intricate"
"Choose the synonym for 'prejudice'.","[""bias"",""pigment"",""deliberate"",""celestial""]","bias","syn","prejudice"
"Choose the synonym for 'bedlam'.","[""concede"",""congregate"",""chaos"",""succumb""]","chaos","syn","bedlam"
"Choose the synonym for 'favoured'.","[""ovine"",""preferred"",""enmity"",""forlorn""]","preferred","syn","favoured"
"Choose the synonym for 'impediment'.","[""gleeful"",""contempt"",""diluted"",""hindrance""]","hindrance","syn","impediment"
"Choose the synonym for 'acrid'.","[""pungent"",""wholesome"",""coy"",""sage""]","pungent","syn","acrid"
"Choose the synonym for 'acid' (describing a substance).","[""sour"",""enchant"",""subterfuge"",""canine""]","sour","syn","acid"
"Choose the synonym for 'arid'.","[""blot"",""facile"",""shack"",""dry""]","dry","syn","arid"
"Choose the synonym for 'pungent'.","[""sanitary"",""procrastinate"",""acrid"",""demolished""]","acrid","syn","pungent"
"Choose the synonym for 'toil'.","[""proclaim"",""labour"",""rowdy"",""ingredient""]","labour","syn","toil"
"Choose the synonym for 'coil' (a rope, as a verb).","[""lenient"",""dignify"",""wind"",""enrapt""]","wind","syn","coil"
"Choose the synonym for 'wholesome'.","[""healthy"",""yacht"",""cackle"",""criticism""]","healthy","syn","wholesome"
"Choose the synonym for 'pious'.","[""succumb"",""hawk"",""sullen"",""devout""]","devout","syn","pious"
"Choose the synonym for 'mellow'.","[""compliment"",""soft"",""discord"",""immaculate""]","soft","syn","mellow"
"Choose the synonym for 'faux'.","[""conscientious"",""fake"",""fatigue"",""populous""]","fake","syn","faux"
"Choose the synonym for 'platonic'.","[""permeate"",""non-romantic"",""innocuous"",""sullen""]","non-romantic","syn","platonic"
"Choose the synonym for 'fluctuate'.","[""vary"",""derelict"",""docile"",""resonate""]","vary","syn","fluctuate"
"Choose the synonym for 'concur'.","[""shack"",""thwart"",""impediment"",""assent""]","assent","syn","concur"
"Choose the synonym for 'auspicious'.","[""favourable"",""imperious"",""abridge"",""curtail""]","favourable","syn","auspicious"
"Choose the synonym for 'wander'.","[""roam"",""idiosyncrasy"",""austerity"",""vile""]","roam","syn","wander"
"Choose the synonym for 'ramble' (on foot).","[""roam"",""inaugural"",""complement"",""fracas""]","roam","syn","ramble"
"Choose the synonym for 'regal'.","[""royal"",""steadfast"",""complement"",""hasty""]","royal","syn","regal"
"Choose the synonym for 'submerge'.","[""prose"",""solitary"",""gullible"",""immerse""]","immerse","syn","submerge"
"Choose the synonym for 'petty'.","[""astute"",""trivial"",""stationary"",""devout""]","trivial","syn","petty"
"Choose the synonym for 'intentional'.","[""enterprise"",""hindrance"",""deliberate"",""thrive""]","deliberate","syn","intentional"
"Choose the synonym for 'compulsory'.","[""mandatory"",""vile"",""industrious"",""deplete""]","mandatory","syn","compulsory"
"Choose the synonym for 'voluntary'.","[""genial"",""furious"",""vouch"",""optional""]","optional","syn","voluntary"
"Choose the synonym for 'diminish'.","[""meticulous"",""superfluous"",""decrease"",""melodious""]","decrease","syn","diminish"
"Choose the synonym for 'slit'.","[""thorough"",""banish"",""virtue"",""cut""]","cut","syn","slit"
"Choose the synonym for 'vent'.","[""yearn"",""authentic"",""outlet"",""vein""]","outlet","syn","vent"
"Choose the synonym for 'cork'.","[""stopper"",""vice"",""authentic"",""potential""]","stopper","syn","cork"
"Choose the synonym for 'rupture'.","[""virtue"",""baffle"",""burst"",""dismal""]","burst","syn","rupture"
"Choose the synonym for 'rift'.","[""tranquil"",""solace"",""split"",""abandon""]","split","syn","rift"
"Choose the synonym for 'impervious'.","[""impenetrable"",""vulgar"",""forlorn"",""hinder""]","impenetrable","syn","impervious"
"Choose the synonym for 'fissure'.","[""crack"",""hammock"",""raiment"",""elongate""]","crack","syn","fissure"
"Choose the synonym for 'crevice'.","[""dread"",""confront"",""crack"",""rivet""]","crack","syn","crevice"
"Choose the synonym for 'eccentric'.","[""celestial"",""piscine"",""prophecy"",""peculiar""]","peculiar","syn","eccentric"
"Choose the synonym for 'authentic'.","[""genuine"",""stationary"",""spurn"",""loathe""]","genuine","syn","authentic"
"Choose the synonym for 'sole' (the sole survivor).","[""only"",""frivolous"",""serpentine"",""relish""]","only","syn","sole"
"Choose the synonym for 'lucid'.","[""subordinate"",""caprine"",""clear"",""leonine""]","clear","syn","lucid"
"Choose the synonym for 'dazzling'.","[""legend"",""leonine"",""brilliant"",""urban""]","brilliant","syn","dazzling"
"Choose the synonym for 'splendid'.","[""adverse"",""molten"",""magnificent"",""crop""]","magnificent","syn","splendid"
"Choose the synonym for 'impair'.","[""gleeful"",""felicitous"",""oodles"",""damage""]","damage","syn","impair"
"Choose the synonym for 'wreck'.","[""viscous"",""destroy"",""prejudice"",""fret""]","destroy","syn","wreck"
"Choose the synonym for 'dilemma'.","[""drought"",""fleet"",""predicament"",""queasy""]","predicament","syn","dilemma"
"Choose the synonym for 'unkempt'.","[""endeavour"",""dishevelled"",""composition"",""hinder""]","dishevelled","syn","unkempt"
"Choose the synonym for 'subordinate' (a rank).","[""platonic"",""inferior"",""vowel"",""deceit""]","inferior","syn","subordinate"
"Choose the synonym for 'placate'.","[""resort to"",""supple"",""auspicious"",""appease""]","appease","syn","placate"
"Choose the synonym for 'irritate'.","[""immaterial"",""apparent"",""shuffle"",""annoy""]","annoy","syn","irritate"
"Choose the synonym for 'impartial'.","[""unbiased"",""wreck"",""bawl"",""enrage""]","unbiased","syn","impartial"
"Choose the synonym for 'wax' (the moon).","[""murine"",""cervine"",""feign"",""increase""]","increase","syn","wax"
"Choose the synonym for 'wane'.","[""diminish"",""liable"",""poise"",""vice""]","diminish","syn","wane"
"Choose the synonym for 'vanity'.","[""covet"",""stagnant"",""conceit"",""chastise""]","conceit","syn","vanity"
"Choose the synonym for 'profligate'.","[""composition"",""debut"",""wasteful"",""compliment""]","wasteful","syn","profligate"
"Choose the synonym for 'frugal'.","[""thrifty"",""viscous"",""volatile"",""petty""]","thrifty","syn","frugal"
"Choose the synonym for 'devout'.","[""pious"",""dilate"",""voluntary"",""scoff""]","pious","syn","devout"
"Choose the synonym for 'dwindle'.","[""elongate"",""unsurpassed"",""diminish"",""famine""]","diminish","syn","dwindle"
"Choose the synonym for 'irate'.","[""thorough"",""bedlam"",""furious"",""mumble""]","furious","syn","irate"
"Choose the synonym for 'furious'.","[""piscine"",""evident"",""enraged"",""gloomy""]","enraged","syn","furious"
"Choose the synonym for 'slack' (about rules).","[""dismay"",""veteran"",""conscience"",""lax""]","lax","syn","slack"
"Choose the synonym for 'industrious'.","[""diligent"",""condemn"",""plunder"",""genial""]","diligent","syn","industrious"
"Choose the synonym for 'diligent'.","[""encompass"",""technophobe"",""beck"",""conscientious""]","conscientious","syn","diligent"
"Choose the synonym for 'indolent'.","[""blot"",""animosity"",""lazy"",""imperious""]","lazy","syn","indolent"
"Choose the synonym for 'lax'.","[""stricken"",""pare"",""lenient"",""pinnacle""]","lenient","syn","lax"
"Choose the synonym for 'conscientious'.","[""oodles"",""diligent"",""delegate"",""fickle""]","diligent","syn","conscientious"
"Choose the synonym for 'prose'.","[""ordinary writing"",""clamour"",""folly"",""painstaking""]","ordinary writing","syn","prose"
"Choose the synonym for 'poetry'.","[""verse"",""ostentatious"",""piscine"",""staunch""]","verse","syn","poetry"
"Choose the synonym for 'suppress'.","[""provoke"",""blot"",""restrain"",""boastful""]","restrain","syn","suppress"
"Choose the synonym for 'disguise'.","[""vowel"",""subtle"",""conceal"",""uniform""]","conceal","syn","disguise"
"Choose the synonym for 'extinct'.","[""vanished"",""equine"",""settee"",""overt""]","vanished","syn","extinct"
"Choose the synonym for 'imposing'.","[""dawdle"",""impressive"",""virulent"",""peckish""]","impressive","syn","imposing"
"Choose the synonym for 'adolescent'.","[""witty"",""teenager"",""procrastinate"",""fleet""]","teenager","syn","adolescent"
"Choose the synonym for 'berate'.","[""crop"",""impediment"",""rebuke"",""oblige""]","rebuke","syn","berate"
"Choose the synonym for 'crave'.","[""futile"",""regal"",""desire"",""tangle""]","desire","syn","crave"
"Choose the synonym for 'yearn'.","[""rural"",""exhausted"",""crave"",""hawk""]","crave","syn","yearn"
"Choose the synonym for 'conspicuous'.","[""noticeable"",""assiduous"",""bewildered"",""interfere""]","noticeable","syn","conspicuous"
"Choose the synonym for 'conspiracy'.","[""wretched"",""amoral"",""plot"",""probable""]","plot","syn","conspiracy"
"Choose the synonym for 'vile'.","[""godsend"",""devoted"",""foil"",""disgusting""]","disgusting","syn","vile"
"Choose the synonym for 'gratifying'.","[""baffle"",""candid"",""tactful"",""satisfying""]","satisfying","syn","gratifying"
"Choose the synonym for 'despicable'.","[""leonine"",""vile"",""tepid"",""ignorant""]","vile","syn","despicable"
"Choose the synonym for 'adept'.","[""conventional"",""proclaim"",""lean"",""skilled""]","skilled","syn","adept"
"Choose the synonym for 'loathsome'.","[""threadbare"",""exorbitant"",""radiant"",""repulsive""]","repulsive","syn","loathsome"
"Choose the synonym for 'repulsive'.","[""disgusting"",""austerity"",""peculiar"",""dread""]","disgusting","syn","repulsive"
"Choose the synonym for 'defy'.","[""pretence"",""peckish"",""lean"",""resist""]","resist","syn","defy"
"Choose the synonym for 'domestic'.","[""gullible"",""household"",""paltry"",""scrupulous""]","household","syn","domestic"
"Choose the synonym for 'solace'.","[""comfort"",""lament"",""malicious"",""repulsive""]","comfort","syn","solace"
"Choose the synonym for 'aggravation'.","[""annoyance"",""irate"",""temperate"",""hasty""]","annoyance","syn","aggravation"
"Choose the synonym for 'dignify'.","[""absolve"",""liable"",""intrinsic"",""honour""]","honour","syn","dignify"
"Choose the synonym for 'inflame'.","[""gloomy"",""provoke"",""scatter"",""hawk""]","provoke","syn","inflame"
"Choose the synonym for 'blunt' (a cutting edge).","[""dull"",""peril"",""device"",""negligible""]","dull","syn","blunt"
"Choose the synonym for 'thwart'.","[""profligate"",""vowel"",""nuisance"",""foil""]","foil","syn","thwart"
"Choose the synonym for 'foil'.","[""calamity"",""sweltering"",""feline"",""thwart""]","thwart","syn","foil"
"Choose the synonym for 'lea'.","[""malign"",""meadow"",""vent"",""vulpine""]","meadow","syn","lea"
"Choose the synonym for 'meadow'.","[""field"",""volatile"",""bovine"",""platonic""]","field","syn","meadow"
"Choose the synonym for 'pinnacle'.","[""pious"",""summit"",""substantial"",""haughty""]","summit","syn","pinnacle"
"Choose the synonym for 'dilate'.","[""elude"",""vent"",""widen"",""ursine""]","widen","syn","dilate"
"Choose the synonym for 'oblivious'.","[""equivocate"",""slack"",""calamity"",""unaware""]","unaware","syn","oblivious"
"Choose the synonym for 'affluence'.","[""wealth"",""vulgar"",""tempest"",""gullible""]","wealth","syn","affluence"
"Choose the synonym for 'poverty'.","[""equivocate"",""amoral"",""destitution"",""astute""]","destitution","syn","poverty"
"Choose the synonym for 'pivotal'.","[""intermittently"",""demure"",""crucial"",""faux""]","crucial","syn","pivotal"
"Choose the synonym for 'temperate'.","[""moderate"",""conceal"",""exaggerate"",""fret""]","moderate","syn","temperate"
"Choose the synonym for 'humid'.","[""damp"",""disarray"",""grieve"",""dispute""]","damp","syn","humid"
"Choose the synonym for 'irksome'.","[""enrage"",""inhabitants"",""favourable"",""annoying""]","annoying","syn","irksome"
"Choose the synonym for 'peddle'.","[""chronicle"",""hawk"",""deteriorate"",""virtue""]","hawk","syn","peddle"
"Choose the synonym for 'vend'.","[""deprive"",""lax"",""sell"",""contempt""]","sell","syn","vend"
"Choose the synonym for 'hawk' (goods at a market).","[""peddle"",""enmity"",""dawdle"",""probate""]","peddle","syn","hawk"
"Choose the synonym for 'miser'.","[""impudent"",""submissive"",""majestic"",""skinflint""]","skinflint","syn","miser"
"Choose the synonym for 'spurn'.","[""tactful"",""reject"",""vile"",""inferior""]","reject","syn","spurn"
"Choose the synonym for 'probate'.","[""purloin"",""gullible"",""estate administration"",""impartial""]","estate administration","syn","probate"
"Choose the synonym for 'probation'.","[""dignify"",""pigment"",""rural"",""trial period""]","trial period","syn","probation"
"Choose the synonym for 'dawdle'.","[""snicker"",""limp"",""linger"",""relevant""]","linger","syn","dawdle"
"Choose the synonym for 'refute'.","[""favourable"",""riveting"",""disprove"",""rectify""]","disprove","syn","refute"
"Choose the synonym for 'scoff'.","[""jeer"",""gregarious"",""substantial"",""peckish""]","jeer","syn","scoff"
"Choose the synonym for 'limp' (walking).","[""irritate"",""lofty"",""trivial"",""hobble""]","hobble","syn","limp"
"Choose the synonym for 'floppy'.","[""waver"",""tedious"",""froth"",""limp""]","limp","syn","floppy"
"Choose the synonym for 'weary'.","[""interfere"",""tired"",""gregarious"",""superficial""]","tired","syn","weary"
"Choose the synonym for 'jaded'.","[""coil"",""weary"",""truce"",""lofty""]","weary","syn","jaded"
"Choose the synonym for 'exhausted'.","[""drained"",""peckish"",""royal"",""steadfast""]","drained","syn","exhausted"
"Choose the synonym for 'drowsy'.","[""conflagration"",""sleepy"",""ignorant"",""stationary""]","sleepy","syn","drowsy"
"Choose the synonym for 'invigorated'.","[""retreat"",""energised"",""deficient"",""irate""]","energised","syn","invigorated"
"Choose the synonym for 'obtuse' (a person, not an angle).","[""temperate"",""placate"",""uniform"",""dull""]","dull","syn","obtuse"
"Choose the synonym for 'abridge'.","[""diluted"",""shorten"",""novice"",""folly""]","shorten","syn","abridge"
"Choose the synonym for 'sullen'.","[""clamour"",""jury"",""gloomy"",""serpentine""]","gloomy","syn","sullen"
"Choose the synonym for 'acute' (pain).","[""ramble"",""ancient"",""coax"",""severe""]","severe","syn","acute"
"Choose the synonym for 'pensive'.","[""diminish"",""thoughtful"",""berate"",""novice""]","thoughtful","syn","pensive"
"Choose the synonym for 'impale'.","[""obstinate"",""godsend"",""anguish"",""pierce""]","pierce","syn","impale"
"Choose the synonym for 'malign'.","[""apparent"",""slander"",""glitter"",""reprimand""]","slander","syn","malign"
"Choose the synonym for 'slander'.","[""defamation"",""surmise"",""favoured"",""hinder""]","defamation","syn","slander"
"Choose the synonym for 'crooked' (a line).","[""rivet"",""gravely"",""bent"",""fringe""]","bent","syn","crooked"
"Choose the synonym for 'contempt'.","[""dingy"",""nauseous"",""lucid"",""scorn""]","scorn","syn","contempt"
"Choose the synonym for 'vapour'.","[""sullen"",""mobile"",""steam"",""platonic""]","steam","syn","vapour"
"Choose the synonym for 'mist'.","[""fog"",""inane"",""omen"",""subtle""]","fog","syn","mist"
"Choose the synonym for 'reckless'.","[""feline"",""perplexed"",""contempt"",""rash""]","rash","syn","reckless"
"Choose the synonym for 'enrage'.","[""fraught"",""lean"",""hammock"",""infuriate""]","infuriate","syn","enrage"
"Choose the synonym for 'perilous'.","[""impartial"",""inane"",""dangerous"",""destitute""]","dangerous","syn","perilous"
"Choose the synonym for 'overt'.","[""rowdy"",""open"",""helix"",""fracas""]","open","syn","overt"
"Choose the synonym for 'covert'.","[""secret"",""extinct"",""imbecile"",""glitter""]","secret","syn","covert"
"Choose the synonym for 'candid'.","[""devout"",""wither"",""frank"",""stricken""]","frank","syn","candid"
"Choose the synonym for 'stingy'.","[""staunch"",""miserly"",""filth"",""conflagration""]","miserly","syn","stingy"
"Choose the synonym for 'decoy'.","[""spurn"",""witty"",""savvy"",""lure""]","lure","syn","decoy"
"Choose the synonym for 'futile'.","[""pointless"",""impart"",""grave"",""plunder""]","pointless","syn","futile"
"Choose the synonym for 'impede'.","[""loathsome"",""caprine"",""stalwart"",""hinder""]","hinder","syn","impede"
"Choose the synonym for 'pique' (interest).","[""flourish"",""delegate"",""attest"",""arouse""]","arouse","syn","pique"
"Choose the synonym for 'smother'.","[""impediment"",""suffocate"",""relish"",""controversy""]","suffocate","syn","smother"
"Choose the synonym for 'heed'.","[""timid"",""tease"",""frown"",""pay attention""]","pay attention","syn","heed"
"Choose the synonym for 'exile' (a punishment).","[""banishment"",""concur"",""feline"",""barb""]","banishment","syn","exile"
"Choose the synonym for 'throng'.","[""comrade"",""crowd"",""urban"",""abode""]","crowd","syn","throng"
"Choose the synonym for 'aloof'.","[""distant"",""impart"",""weary"",""authentic""]","distant","syn","aloof"
"Choose the synonym for 'congregate'.","[""advice"",""gleeful"",""gather"",""aromatic""]","gather","syn","congregate"
"Choose the synonym for 'forthwith'.","[""immediately"",""abrupt"",""elude"",""dishevelled""]","immediately","syn","forthwith"
"Choose the synonym for 'sporadically'.","[""occasionally"",""trinket"",""polarity"",""poetry""]","occasionally","syn","sporadically"
"Choose the synonym for 'intermittently'.","[""timid"",""wreck"",""vain"",""sporadically""]","sporadically","syn","intermittently"
"Choose the synonym for 'godsend'.","[""probable"",""authentic"",""subtle"",""blessing""]","blessing","syn","godsend"
"Choose the synonym for 'concede'.","[""admit"",""pivotal"",""decrepit"",""strenuous""]","admit","syn","concede"
"Choose the synonym for 'contemplate'.","[""subordinate"",""consider"",""frown"",""submissive""]","consider","syn","contemplate"
"Choose the synonym for 'vowel'.","[""legend"",""nebulous"",""vowel sound"",""placate""]","vowel sound","syn","vowel"
"Choose the synonym for 'consonant'.","[""conscientious"",""trivial"",""consonant sound"",""raiment""]","consonant sound","syn","consonant"
"Choose the synonym for 'sombre'.","[""flourish"",""gloomy"",""delegate"",""memoir""]","gloomy","syn","sombre"
"Choose the synonym for 'marquee'.","[""whimper"",""vital"",""dread"",""tent""]","tent","syn","marquee"
"Choose the synonym for 'atlas'.","[""map book"",""twine"",""consonant"",""endeavour""]","map book","syn","atlas"
"Choose the synonym for 'ingredient'.","[""censorious"",""forlorn"",""component"",""faux""]","component","syn","ingredient"
"Choose the synonym for 'immaculate'.","[""repent"",""spotless"",""platonic"",""spurn""]","spotless","syn","immaculate"
"Choose the synonym for 'tally' (the votes).","[""decrepit"",""count"",""merchant"",""wax""]","count","syn","tally"
"Choose the synonym for 'assent'.","[""adept"",""penetrate"",""corvine"",""agree""]","agree","syn","assent"
"Choose the synonym for 'deprive'.","[""rebuttal"",""vowel"",""deny"",""resort to""]","deny","syn","deprive"
"Choose the synonym for 'crop' (hair, as a verb).","[""relevant"",""lean"",""imbecile"",""trim""]","trim","syn","crop"
"Choose the synonym for 'criticism'.","[""censure"",""feeble"",""adept"",""peddle""]","censure","syn","criticism"
"Choose the synonym for 'glitter'.","[""stingy"",""conspiracy"",""sparkle"",""indulgent""]","sparkle","syn","glitter"
"Choose the synonym for 'felicitous'.","[""oppress"",""fraught"",""apt"",""intermittently""]","apt","syn","felicitous"
"Choose the synonym for 'hapless'.","[""tranquil"",""disguise"",""diligent"",""unlucky""]","unlucky","syn","hapless"
"Choose the synonym for 'break a leg'.","[""industrious"",""perplexed"",""steadfast"",""good luck""]","good luck","syn","break a leg"
"Choose the synonym for 'rural'.","[""steadfast"",""coax"",""nebulous"",""pastoral""]","pastoral","syn","rural"
"Choose the synonym for 'urban'.","[""piscine"",""break a leg"",""pilfer"",""metropolitan""]","metropolitan","syn","urban"
"Choose the synonym for 'raucous'.","[""wane"",""boisterous"",""myth"",""besieged""]","boisterous","syn","raucous"
"Choose the synonym for 'dingy'.","[""grimy"",""wretched"",""diplomatic"",""din""]","grimy","syn","dingy"
"Choose the synonym for 'shun'.","[""foam"",""avoid"",""punctual"",""jeer""]","avoid","syn","shun"
"Choose the synonym for 'confront'.","[""ramble"",""exile"",""face"",""rigid""]","face","syn","confront"
"Choose the synonym for 'forgo'.","[""subtle"",""poise"",""waive"",""despair""]","waive","syn","forgo"
"Choose the synonym for 'abstain'.","[""conceit"",""baffle"",""malady"",""refrain""]","refrain","syn","abstain"
"Choose the synonym for 'club' (a weapon).","[""sequence"",""cudgel"",""subordinate"",""facilitate""]","cudgel","syn","club"
"Choose the synonym for 'baton'.","[""matte"",""staff"",""notion"",""idiosyncrasy""]","staff","syn","baton"
"Choose the synonym for 'forlorn'.","[""punctual"",""desolate"",""frivolous"",""raiment""]","desolate","syn","forlorn"
"Choose the synonym for 'implore'.","[""technophobe"",""beg"",""felicitous"",""stern""]","beg","syn","implore"
"Choose the synonym for 'pristine'.","[""imperative"",""spotless"",""immaterial"",""forgo""]","spotless","syn","pristine"
"Choose the synonym for 'grime'.","[""matte"",""filth"",""suppress"",""ancient""]","filth","syn","grime"
"Choose the synonym for 'filth'.","[""grime"",""complement"",""faux"",""scruffy""]","grime","syn","filth"
"Choose the synonym for 'abolish'.","[""reprimand"",""caulk"",""frigid"",""eliminate""]","eliminate","syn","abolish"
"Choose the synonym for 'novice'.","[""austerity"",""despicable"",""fusion"",""beginner""]","beginner","syn","novice"
"Choose the synonym for 'urge'.","[""jury"",""forlorn"",""encourage"",""sway""]","encourage","syn","urge"
"Choose the synonym for 'deter'.","[""boastful"",""discourage"",""barb"",""berate""]","discourage","syn","deter"
"Choose the synonym for 'folly'.","[""destitute"",""foolishness"",""linger"",""relish""]","foolishness","syn","folly"
"Choose the synonym for 'crease'.","[""hasty"",""pretence"",""wrinkle"",""repulsive""]","wrinkle","syn","crease"
"Choose the synonym for 'shack'.","[""cinch"",""melodious"",""folly"",""hut""]","hut","syn","shack"
"Choose the synonym for 'abrupt' (a change).","[""proxy"",""revolve"",""impediment"",""sudden""]","sudden","syn","abrupt"
"Choose the synonym for 'opaque'.","[""hindrance"",""sermon"",""non-transparent"",""resort to""]","non-transparent","syn","opaque"
"Choose the synonym for 'cellar'.","[""derelict"",""fret"",""basement"",""callous""]","basement","syn","cellar"
"Choose the synonym for 'chastise'.","[""pare"",""reprimand"",""lout"",""moan""]","reprimand","syn","chastise"
"Choose the synonym for 'glut'.","[""molten"",""elude"",""caption"",""surplus""]","surplus","syn","glut"
"Choose the synonym for 'baffle'.","[""beck"",""magma"",""genial"",""bewilder""]","bewilder","syn","baffle"
"Choose the synonym for 'pliable'.","[""supple"",""thorough"",""grime"",""pigment""]","supple","syn","pliable"
"Choose the synonym for 'permeate'.","[""stride"",""conspicuous"",""penetrate"",""asinine""]","penetrate","syn","permeate"
"Choose the synonym for 'penetrate'.","[""valour"",""aggravation"",""artefact"",""pierce""]","pierce","syn","penetrate"
"Choose the synonym for 'ambiguous'.","[""ravenous"",""belligerent"",""obedient"",""unclear""]","unclear","syn","ambiguous"
"Choose the synonym for 'equivocate'.","[""prudent"",""evade"",""trifling"",""apathy""]","evade","syn","equivocate"
"Choose the synonym for 'rigorous'.","[""demolish"",""thorough"",""trivial"",""virtuous""]","thorough","syn","rigorous"
"Choose the synonym for 'scrupulous'.","[""meticulous"",""pilfer"",""deliberate"",""evaluation""]","meticulous","syn","scrupulous"
"Choose the synonym for 'nebulous'.","[""vague"",""obscene"",""authentic"",""fraught""]","vague","syn","nebulous"
"Choose the synonym for 'mediocre'.","[""witty"",""astute"",""thorough"",""average""]","average","syn","mediocre"
"Choose the synonym for 'intrigue'.","[""witty"",""filth"",""fascinate"",""shuffle""]","fascinate","syn","intrigue"
"Choose the synonym for 'jeer'.","[""jury"",""clemency"",""vain"",""mock""]","mock","syn","jeer"
"Choose the synonym for 'dextrous'.","[""oodles"",""skilful"",""dread"",""calamity""]","skilful","syn","dextrous"
"Choose the synonym for 'thrifty'.","[""barb"",""frugal"",""precarious"",""break a leg""]","frugal","syn","thrifty"
"Choose the synonym for 'peckish'.","[""hungry"",""lofty"",""superfluous"",""ancient""]","hungry","syn","peckish"
"Choose the synonym for 'ravenous'.","[""fissure"",""drought"",""famished"",""adhere""]","famished","syn","ravenous"
"Choose the synonym for 'sated'.","[""deceit"",""kindle"",""full"",""brittle""]","full","syn","sated"
"Choose the synonym for 'satiated'.","[""crave"",""stroll"",""sated"",""artefact""]","sated","syn","satiated"
"Choose the synonym for 'famished'.","[""ravenous"",""fatigue"",""vile"",""vice""]","ravenous","syn","famished"
"Choose the synonym for 'replete'.","[""full"",""caulk"",""belligerent"",""chew the fat""]","full","syn","replete"
"Choose the synonym for 'deplete'.","[""penetrate"",""frigid"",""exhaust"",""din""]","exhaust","syn","deplete"
"Choose the synonym for 'juvenile'.","[""pilfer"",""resort to"",""assiduous"",""young""]","young","syn","juvenile"
"Choose the synonym for 'unravel'.","[""valour"",""proxy"",""untangle"",""deter""]","untangle","syn","unravel"
"Choose the synonym for 'tangle' (threads, as a verb).","[""exorbitant"",""tease"",""entangle"",""fragrant""]","entangle","syn","tangle"
"Choose the synonym for 'barb'.","[""spike"",""froth"",""foil"",""royal""]","spike","syn","barb"
"Choose the synonym for 'despair'.","[""seize"",""notion"",""compliant"",""hopelessness""]","hopelessness","syn","despair"
"Choose the synonym for 'anguish'.","[""indulgent"",""sated"",""torment"",""barb""]","torment","syn","anguish"
"Choose the synonym for 'twine' (a material).","[""hamper"",""forlorn"",""cord"",""criticism""]","cord","syn","twine"
"Choose the synonym for 'peripheral'.","[""abundance"",""outer"",""vend"",""sagacious""]","outer","syn","peripheral"
"Choose the synonym for 'ambulatory'.","[""nimble"",""mobile"",""prejudice"",""scatter""]","mobile","syn","ambulatory"
"Choose the synonym for 'stagnant' (water).","[""chew the fat"",""still"",""imperious"",""impede""]","still","syn","stagnant"
"Choose the synonym for 'mobile' (a device).","[""bland"",""stricken"",""feeble"",""movable""]","movable","syn","mobile"
"Choose the synonym for 'wary'.","[""cautious"",""dwelling"",""peculiar"",""sweltering""]","cautious","syn","wary"
"Choose the synonym for 'gullible'.","[""interrogate"",""naive"",""calamity"",""decoy""]","naive","syn","gullible"
"Choose the synonym for 'shuffle'.","[""ramble"",""bawl"",""scuff"",""barb""]","scuff","syn","shuffle"
"Choose the synonym for 'stride'.","[""pace"",""nullify"",""vex"",""dilemma""]","pace","syn","stride"
"Choose the synonym for 'dread'.","[""apparent"",""flog"",""virulent"",""apprehension""]","apprehension","syn","dread"
"Choose the synonym for 'fable'.","[""whimper"",""parable"",""deplete"",""compulsory""]","parable","syn","fable"
"Choose the synonym for 'myth' (a traditional story).","[""splendid"",""club"",""din"",""legend""]","legend","syn","myth"
"Choose the synonym for 'doltish'.","[""stupid"",""dread"",""impale"",""negligible""]","stupid","syn","doltish"
"Choose the synonym for 'dopey' (from tiredness).","[""implore"",""comprehensive"",""drowsy"",""whine""]","drowsy","syn","dopey"
"Choose the synonym for 'shrewd'.","[""astute"",""coy"",""defy"",""canine""]","astute","syn","shrewd"
"Choose the synonym for 'astute'.","[""cervine"",""shrewd"",""tardy"",""dilate""]","shrewd","syn","astute"
"Choose the synonym for 'imbecile'.","[""insignificant"",""fool"",""dismay"",""populous""]","fool","syn","imbecile"
"Choose the synonym for 'inane'.","[""silly"",""enrage"",""rebuke"",""censure""]","silly","syn","inane"
"Choose the synonym for 'savvy'.","[""shrewdness"",""vapour"",""commence"",""ferocious""]","shrewdness","syn","savvy"
"Choose the synonym for 'sage' (a person).","[""meadow"",""wise person"",""flog"",""whimper""]","wise person","syn","sage"
"Choose the synonym for 'subtle' (a flavour).","[""delicate"",""brusque"",""ursine"",""lament""]","delicate","syn","subtle"
"Choose the synonym for 'vain'.","[""placid"",""economical"",""pioneer"",""conceited""]","conceited","syn","vain"
"Choose the synonym for 'deficient'.","[""lacking"",""doltish"",""pique"",""nauseous""]","lacking","syn","deficient"
"Choose the synonym for 'warp'.","[""commence"",""probate"",""mellow"",""distort""]","distort","syn","warp"
"Choose the synonym for 'lean' (against a wall).","[""endeavour"",""tilt"",""frugal"",""yacht""]","tilt","syn","lean"
"Choose the synonym for 'oodles'.","[""austerity"",""leonine"",""severe"",""abundance""]","abundance","syn","oodles"
"Choose the synonym for 'populous'.","[""linger"",""conspiracy"",""crowded"",""refrain""]","crowded","syn","populous"
"Choose the synonym for 'wavy'.","[""undulating"",""prophecy"",""juvenile"",""vouch""]","undulating","syn","wavy"
"Choose the synonym for 'taut'.","[""lout"",""feline"",""scatter"",""tight""]","tight","syn","taut"
"Choose the synonym for 'radiant' (a light).","[""glowing"",""endeavour"",""canine"",""impervious""]","glowing","syn","radiant"
"Choose the synonym for 'gulp'.","[""gloomy"",""swallow"",""absolve"",""dais""]","swallow","syn","gulp"
"Choose the synonym for 'tint'.","[""shade"",""curtail"",""insipid"",""grieve""]","shade","syn","tint"
"Choose the synonym for 'jubilant'.","[""joyful"",""midst"",""fertile"",""proxy""]","joyful","syn","jubilant"
"Choose the synonym for 'dismay'.","[""distress"",""naive"",""coy"",""satiated""]","distress","syn","dismay"
"Choose the synonym for 'gleeful'.","[""extinction"",""permeate"",""obedient"",""jubilant""]","jubilant","syn","gleeful"
"Choose the synonym for 'glum'.","[""gloomy"",""destitute"",""despair"",""deplete""]","gloomy","syn","glum"
"Choose the synonym for 'ajar'.","[""debut"",""partly open"",""nauseous"",""demean""]","partly open","syn","ajar"
"Choose the synonym for 'scruffy'.","[""spurn"",""untidy"",""deprive"",""explanation""]","untidy","syn","scruffy"
"Choose the synonym for 'legend' (a traditional story).","[""myth"",""confront"",""nebulous"",""suppress""]","myth","syn","legend"
"Choose the synonym for 'caption'.","[""magma"",""legend"",""sagacious"",""abridge""]","legend","syn","caption"
"Choose the synonym for 'chortle'.","[""berate"",""tedious"",""chuckle"",""sedate""]","chuckle","syn","chortle"
"Choose the synonym for 'exclaim'.","[""cry out"",""impediment"",""dopey"",""ambiguous""]","cry out","syn","exclaim"
"Choose the synonym for 'clamour'.","[""virulent"",""brittle"",""din"",""nuisance""]","din","syn","clamour"
"Choose the synonym for 'whisper'.","[""vital"",""murmur"",""squander"",""sturdy""]","murmur","syn","whisper"
"Choose the synonym for 'whimper'.","[""jaded"",""despair"",""froth"",""whine""]","whine","syn","whimper"
"Choose the synonym for 'mumble'.","[""ordeal"",""offend"",""queasy"",""mutter""]","mutter","syn","mumble"
"Choose the synonym for 'cackle'.","[""laugh harshly"",""afflict"",""twine"",""exhausted""]","laugh harshly","syn","cackle"
"Choose the synonym for 'crack up' (laughing).","[""quench"",""smirk"",""burst into laughter"",""slit""]","burst into laughter","syn","crack up"
"Choose the synonym for 'snicker'.","[""defy"",""canine"",""snigger"",""devoted""]","snigger","syn","snicker"
"Choose the synonym for 'snivel'.","[""salient"",""apprehend"",""whine"",""crop""]","whine","syn","snivel"
"Choose the synonym for 'howl'.","[""shun"",""poverty"",""platonic"",""wail""]","wail","syn","howl"
"Choose the synonym for 'bawl'.","[""indolent"",""negligible"",""deprive"",""shout""]","shout","syn","bawl"
"Choose the synonym for 'absolve'.","[""settee"",""exonerate"",""barb"",""superfluous""]","exonerate","syn","absolve"
"Choose the synonym for 'obsolete'.","[""hawk"",""cork"",""outdated"",""belligerent""]","outdated","syn","obsolete"
"Choose the synonym for 'current' (fashion).","[""ploy"",""placid"",""contemporary"",""frugal""]","contemporary","syn","current"
"Choose the synonym for 'truce'.","[""nuisance"",""imitate"",""ceasefire"",""bewildered""]","ceasefire","syn","truce"
"Choose the synonym for 'inept'.","[""conscientious"",""incompetent"",""deceit"",""poetry""]","incompetent","syn","inept"
"Choose the synonym for 'hinder'.","[""relevant"",""kindle"",""reprimand"",""impede""]","impede","syn","hinder"
"Choose the synonym for 'sever'.","[""coil"",""desist"",""cut"",""inaugurate""]","cut","syn","sever"
"Choose the synonym for 'severe'.","[""diluted"",""harsh"",""cork"",""conflagration""]","harsh","syn","severe"
"Choose the synonym for 'encompass'.","[""grit"",""abode"",""include"",""nullify""]","include","syn","encompass"
"Choose the synonym for 'scatter'.","[""ambulatory"",""disperse"",""concur"",""offend""]","disperse","syn","scatter"
"Choose the synonym for 'trickle'.","[""mobile"",""divulge"",""trinket"",""drip""]","drip","syn","trickle"
"Choose the synonym for 'trinket'.","[""bauble"",""bovine"",""covet"",""gratitude""]","bauble","syn","trinket"
"Choose the synonym for 'memoir'.","[""reminiscence"",""whimper"",""conceit"",""enchant""]","reminiscence","syn","memoir"
"Choose the synonym for 'mirage'.","[""vouch"",""divulge"",""illusion"",""obtuse""]","illusion","syn","mirage"
"Choose the synonym for 'languid'.","[""twine"",""lethargic"",""pivotal"",""covert""]","lethargic","syn","languid"
"Choose the synonym for 'austerity'.","[""apparent"",""frugality"",""dismal"",""suppress""]","frugality","syn","austerity"
"Choose the synonym for 'extravagance'.","[""compliant"",""repent"",""excess"",""apprehend""]","excess","syn","extravagance"
"Choose the synonym for 'susceptible'.","[""submerge"",""evade"",""vulnerable"",""boastful""]","vulnerable","syn","susceptible"
"Choose the synonym for 'dearth'.","[""stagnant"",""shortage"",""conceit"",""banish""]","shortage","syn","dearth"
"Choose the synonym for 'fusion'.","[""flourish"",""merger"",""vein"",""forlorn""]","merger","syn","fusion"
"Choose the synonym for 'cuisine'.","[""satiated"",""cookery"",""viscous"",""snicker""]","cookery","syn","cuisine"
"Choose the synonym for 'meld'.","[""rural"",""baton"",""lavish"",""blend""]","blend","syn","meld"
"Choose the synonym for 'molten'.","[""pristine"",""snicker"",""melted"",""despicable""]","melted","syn","molten"
"Choose the synonym for 'tease'.","[""steadfast"",""mock"",""lax"",""limp""]","mock","syn","tease"
"Choose the synonym for 'imperious'.","[""discord"",""thrive"",""domineering"",""shack""]","domineering","syn","imperious"
"Choose the synonym for 'meek'.","[""notion"",""cinch"",""baton"",""submissive""]","submissive","syn","meek"
"Choose the synonym for 'smug'.","[""abrupt"",""conceited"",""disarray"",""extinction""]","conceited","syn","smug"
"Choose the synonym for 'vein'.","[""grotesque"",""dopey"",""naive"",""blood vessel""]","blood vessel","syn","vein"
"Choose the synonym for 'demure'.","[""intrinsic"",""modest"",""majestic"",""disastrous""]","modest","syn","demure"
"Choose the synonym for 'boastful'.","[""delegate"",""conceited"",""mirage"",""diligent""]","conceited","syn","boastful"
"Choose the synonym for 'timid'.","[""shy"",""celestial"",""shun"",""naive""]","shy","syn","timid"
"Choose the synonym for 'hallmark'.","[""pensive"",""drought"",""brusque"",""characteristic""]","characteristic","syn","hallmark"
"Choose the synonym for 'insignia'.","[""supple"",""emblem"",""crack up"",""mirage""]","emblem","syn","insignia"
"Choose the synonym for 'ploy'.","[""plunder"",""tactic"",""obedient"",""prophecy""]","tactic","syn","ploy"
"Choose the synonym for 'token'.","[""wary"",""dilemma"",""symbol"",""banish""]","symbol","syn","token"
"Choose the synonym for 'elementary'.","[""amoral"",""curtail"",""folly"",""basic""]","basic","syn","elementary"
"Choose the synonym for 'potential' (a future possibility).","[""feeble"",""possible"",""abundance"",""tranquil""]","possible","syn","potential"
"Choose the synonym for 'probable'.","[""ignite"",""wavy"",""likely"",""controversy""]","likely","syn","probable"
"Choose the synonym for 'refrain'.","[""abstain"",""club"",""ancient"",""austerity""]","abstain","syn","refrain"
"Choose the synonym for 'myriad' (a myriad of stars).","[""deliberate"",""indolent"",""lament"",""multitude""]","multitude","syn","myriad"
"Choose the synonym for 'aromatic'.","[""ordeal"",""chastise"",""offend"",""fragrant""]","fragrant","syn","aromatic"
"Choose the synonym for 'fragrant'.","[""obsolete"",""pristine"",""aromatic"",""jaded""]","aromatic","syn","fragrant"
"Choose the synonym for 'vex'.","[""irritate"",""tangle"",""shun"",""dingy""]","irritate","syn","vex"
"Choose the synonym for 'exorbitant'.","[""sedate"",""excessive"",""furious"",""prophecy""]","excessive","syn","exorbitant"
"Choose the synonym for 'adverse'.","[""abstain"",""unfavourable"",""retreat"",""tease""]","unfavourable","syn","adverse"
"Choose the synonym for 'favourable'.","[""beneficial"",""irksome"",""stern"",""tangle""]","beneficial","syn","favourable"
"Choose the synonym for 'squander'.","[""absurd"",""favoured"",""waste"",""caulk""]","waste","syn","squander"
"Choose the synonym for 'conserve'.","[""extinct"",""hind"",""preserve"",""aggravation""]","preserve","syn","conserve"
"Choose the synonym for 'solitary'.","[""gullible"",""facilitate"",""alone"",""omen""]","alone","syn","solitary"
"Choose the synonym for 'petite'.","[""hasty"",""insignificant"",""small"",""abridge""]","small","syn","petite"
"Choose the synonym for 'paltry'.","[""apathy"",""decrepit"",""yacht"",""meagre""]","meagre","syn","paltry"
"Choose the synonym for 'wee'.","[""tiny"",""coy"",""devoted"",""compliment""]","tiny","syn","wee"
"Choose the synonym for 'trifling'.","[""trivial"",""majestic"",""shack"",""impede""]","trivial","syn","trifling"
"Choose the synonym for 'tenuous'.","[""weak"",""dazzling"",""perish"",""facile""]","weak","syn","tenuous"
"Choose the synonym for 'uniform' (a pattern).","[""meadow"",""loathsome"",""nebulous"",""consistent""]","consistent","syn","uniform"
"Choose the synonym for 'sagacious'.","[""myth"",""cellar"",""wise"",""fracas""]","wise","syn","sagacious"
"Choose the synonym for 'snub'.","[""incision"",""gleeful"",""conspicuous"",""ignore""]","ignore","syn","snub"
"Choose the synonym for 'smirk'.","[""fortitude"",""austerity"",""immaterial"",""sneer""]","sneer","syn","smirk"
"Choose the synonym for 'censure'.","[""criticism"",""exaggerate"",""solitary"",""dilate""]","criticism","syn","censure"
"Choose the synonym for 'royal'.","[""regal"",""sage"",""dearth"",""margin""]","regal","syn","royal"
"Choose the synonym for 'empire'.","[""conscience"",""realm"",""pious"",""token""]","realm","syn","empire"
"Choose the synonym for 'sequence'.","[""order"",""abrupt"",""precarious"",""lupine""]","order","syn","sequence"
"Choose the synonym for 'evade'.","[""advice"",""seize"",""elude"",""heed""]","elude","syn","evade"
"Choose the synonym for 'aspire'.","[""obstinate"",""conserve"",""savage"",""aim""]","aim","syn","aspire"
"Choose the synonym for 'desire' (a feeling).","[""tepid"",""hamper"",""mumble"",""wish""]","wish","syn","desire"
"Choose the synonym for 'naive'.","[""vain"",""extravagance"",""gullible"",""sullen""]","gullible","syn","naive"
"Choose the synonym for 'artefact'.","[""calamity"",""meek"",""debut"",""man-made object""]","man-made object","syn","artefact"
"Choose the synonym for 'apprehend' (a suspect).","[""arrest"",""apparent"",""peculiar"",""cellar""]","arrest","syn","apprehend"
"Choose the synonym for 'purloin'.","[""prose"",""caulk"",""pilfer"",""concede""]","pilfer","syn","purloin"
"Choose the synonym for 'impart'.","[""superfluous"",""crack up"",""communicate"",""abridge""]","communicate","syn","impart"
"Choose the synonym for 'pilfer'.","[""pique"",""deliberate"",""impartial"",""purloin""]","purloin","syn","pilfer"
"Choose the synonym for 'resonate' (a sound).","[""echo"",""pretence"",""melodious"",""quench""]","echo","syn","resonate"
"Choose the synonym for 'diplomatic'.","[""ancient"",""chore"",""deduct"",""tactful""]","tactful","syn","diplomatic"
"Choose the synonym for 'tactful'.","[""diplomatic"",""marquee"",""matte"",""idiosyncrasy""]","diplomatic","syn","tactful"
"Choose the synonym for 'sway' (in the breeze).","[""regal"",""swing"",""jaded"",""valour""]","swing","syn","sway"
"Choose the synonym for 'magma'.","[""satiated"",""memoir"",""molten rock"",""tease""]","molten rock","syn","magma"
"Choose the synonym for 'vouch'.","[""disguise"",""subordinate"",""attest"",""imposing""]","attest","syn","vouch"
"Choose the synonym for 'attest'.","[""confirm"",""probate"",""moan"",""facile""]","confirm","syn","attest"
"Choose the synonym for 'dais'.","[""shell"",""emerge"",""platform"",""dopey""]","platform","syn","dais"
"Choose the synonym for 'celestial'.","[""provoke"",""heavenly"",""petite"",""lament""]","heavenly","syn","celestial"
"Choose the synonym for 'vital'.","[""despise"",""essential"",""shun"",""strenuous""]","essential","syn","vital"
"Choose the synonym for 'trough' (carrying water).","[""channel"",""apathy"",""fret"",""lofty""]","channel","syn","trough"
"Choose the synonym for 'vice' (a moral quality).","[""immorality"",""conscience"",""frigid"",""animosity""]","immorality","syn","vice"
"Choose the synonym for 'virtue'.","[""goodness"",""rigorous"",""refute"",""abundance""]","goodness","syn","virtue"
"Choose the synonym for 'sweltering'.","[""insipid"",""shuffle"",""dais"",""scorching""]","scorching","syn","sweltering"
"Choose the synonym for 'scalding'.","[""vein"",""forgo"",""boiling"",""rebuke""]","boiling","syn","scalding"
"Choose the synonym for 'tepid'.","[""desire"",""poise"",""censure"",""lukewarm""]","lukewarm","syn","tepid"
"Choose the synonym for 'frigid'.","[""freezing"",""chore"",""tedious"",""sanguine""]","freezing","syn","frigid"
"Choose the synonym for 'scowl'.","[""frivolous"",""stationary"",""petite"",""frown""]","frown","syn","scowl"
"Choose the synonym for 'frown'.","[""detrimental"",""meticulous"",""insignia"",""scowl""]","scowl","syn","frown"
"Choose the synonym for 'hamper'.","[""hinder"",""nauseous"",""inflame"",""feign""]","hinder","syn","hamper"
"Choose the synonym for 'stroll'.","[""forgo"",""saunter"",""malicious"",""deprive""]","saunter","syn","stroll"
"Choose the synonym for 'husk'.","[""shell"",""vice"",""plunder"",""agitated""]","shell","syn","husk"
"Choose the synonym for 'brittle'.","[""rigid"",""dictate"",""vex"",""fragile""]","fragile","syn","brittle"
"Choose the synonym for 'shell'.","[""vouch"",""case"",""exaggerate"",""fatal""]","case","syn","shell"
"Choose the synonym for 'notion'.","[""idea"",""dwelling"",""lout"",""radiant""]","idea","syn","notion"
"Choose the synonym for 'hind'.","[""doe"",""froth"",""royal"",""fatal""]","doe","syn","hind"
"Choose the synonym for 'sedate' (a manner).","[""comprehensive"",""calm"",""deteriorate"",""satiated""]","calm","syn","sedate"
"Choose the synonym for 'divulge'.","[""hind"",""disclose"",""foam"",""peril""]","disclose","syn","divulge"
"Choose the synonym for 'valour'.","[""probation"",""insolent"",""bravery"",""compliment""]","bravery","syn","valour"
"Choose the synonym for 'midst'.","[""imitate"",""destitute"",""middle"",""threadbare""]","middle","syn","midst"
"Choose the synonym for 'forfeit'.","[""surrender"",""explanation"",""inferior"",""abolish""]","surrender","syn","forfeit"
"Choose the synonym for 'inconsequential'.","[""attest"",""trivial"",""opaque"",""inflame""]","trivial","syn","inconsequential"
"Choose the synonym for 'superficial' (an investigation).","[""shallow"",""submerge"",""superfluous"",""nuisance""]","shallow","syn","superficial"
"Choose the synonym for 'negligible'.","[""polarity"",""insolent"",""passive"",""insignificant""]","insignificant","syn","negligible"
"Choose the synonym for 'substantial'.","[""cuisine"",""snivel"",""amoral"",""considerable""]","considerable","syn","substantial"
"Choose the synonym for 'salient'.","[""indolent"",""cellar"",""lout"",""prominent""]","prominent","syn","salient"
"Choose the synonym for 'immaterial'.","[""summit"",""dais"",""irrelevant"",""enterprise""]","irrelevant","syn","immaterial"
"Choose the synonym for 'insignificant'.","[""lea"",""trivial"",""covert"",""punctual""]","trivial","syn","insignificant"
"Choose the synonym for 'discord'.","[""dilemma"",""divulge"",""grotesque"",""conflict""]","conflict","syn","discord"
"Choose the synonym for 'chronicle'.","[""peril"",""pretentious"",""record"",""overt""]","record","syn","chronicle"
"Choose the synonym for 'bland' (in flavour).","[""tasteless"",""commence"",""shun"",""uniform""]","tasteless","syn","bland"
"Choose the synonym for 'insipid' (in flavour).","[""impartial"",""overt"",""nuisance"",""bland""]","bland","syn","insipid"
"Choose the synonym for 'whine'.","[""whimper"",""immaculate"",""atlas"",""urban""]","whimper","syn","whine"
"Choose the synonym for 'moan'.","[""covet"",""sagacious"",""groan"",""abridge""]","groan","syn","moan"
"Choose the synonym for 'surmise'.","[""endeavour"",""pious"",""fret"",""guess""]","guess","syn","surmise"
"Choose the synonym for 'deduct'.","[""humid"",""advice"",""subtract"",""enchant""]","subtract","syn","deduct"
"Choose the synonym for 'enchant'.","[""imperative"",""obsolete"",""delight"",""prophecy""]","delight","syn","enchant"
"Choose the synonym for 'skim' (a text).","[""baton"",""scan"",""compliant"",""matte""]","scan","syn","skim"
"Choose the synonym for 'pare'.","[""invigorated"",""fester"",""prevalent"",""trim""]","trim","syn","pare"
"Choose the synonym for 'rebuke'.","[""fret"",""reprimand"",""meticulous"",""ravenous""]","reprimand","syn","rebuke"
"Choose the synonym for 'gadget'.","[""sagacious"",""device"",""ignite"",""hygienic""]","device","syn","gadget"
"Choose the synonym for 'comprehensive'.","[""oblige"",""comrade"",""despair"",""complete""]","complete","syn","comprehensive"
"Choose the synonym for 'thorough'.","[""liable"",""pioneer"",""abhor"",""comprehensive""]","comprehensive","syn","thorough"
"Choose the synonym for 'indulgent'.","[""disarray"",""lenient"",""ancient"",""nimble""]","lenient","syn","indulgent"
"Choose the synonym for 'prudent'.","[""decoy"",""flourish"",""turbulent"",""wise""]","wise","syn","prudent"
"Choose the synonym for 'detrimental'.","[""surmise"",""stagnant"",""harmful"",""irksome""]","harmful","syn","detrimental"
"Choose the synonym for 'queasy'.","[""penetrate"",""nauseous"",""royal"",""vulpine""]","nauseous","syn","queasy"
"Choose the synonym for 'witty'.","[""amusing"",""disguise"",""chore"",""dismal""]","amusing","syn","witty"
"Choose the synonym for 'chore'.","[""shrewd"",""majestic"",""task"",""skim""]","task","syn","chore"
"Choose the synonym for 'revolve'.","[""rotate"",""fissure"",""imperious"",""decrepit""]","rotate","syn","revolve"
"Choose the synonym for 'veteran' (in a profession).","[""expert"",""comrade"",""peddle"",""heed""]","expert","syn","veteran"
"Choose the synonym for 'elongate'.","[""submissive"",""crease"",""lengthen"",""savage""]","lengthen","syn","elongate"
"Choose the synonym for 'curtail'.","[""perplexed"",""disperse"",""impediment"",""shorten""]","shorten","syn","curtail"
"Choose the synonym for 'tempest'.","[""sway"",""storm"",""artefact"",""intricate""]","storm","syn","tempest"
"Choose the synonym for 'waver'.","[""savage"",""retreat"",""hesitate"",""evident""]","hesitate","syn","waver"
"Choose the synonym for 'ignite'.","[""lenient"",""volatile"",""pigment"",""kindle""]","kindle","syn","ignite"
"Choose the synonym for 'kindle' (a fire).","[""ignite"",""chortle"",""impediment"",""crooked""]","ignite","syn","kindle"
"Choose the synonym for 'docile'.","[""doltish"",""interrogate"",""bland"",""submissive""]","submissive","syn","docile"
"Choose the synonym for 'obedient'.","[""smug"",""compliant"",""thrifty"",""famine""]","compliant","syn","obedient"
"Choose the synonym for 'compliant'.","[""implore"",""adverse"",""obedient"",""animosity""]","obedient","syn","compliant"
"Choose the synonym for 'resentful'.","[""stagnant"",""bitter"",""censure"",""surmise""]","bitter","syn","resentful"
"Choose the synonym for 'gloomy'.","[""frown"",""peckish"",""dismal"",""wither""]","dismal","syn","gloomy"
"Choose the synonym for 'censorious'.","[""drought"",""brusque"",""sermon"",""critical""]","critical","syn","censorious"
"Choose the synonym for 'decrepit'.","[""fable"",""whimper"",""profligate"",""dilapidated""]","dilapidated","syn","decrepit"
"Choose the synonym for 'obliging'.","[""helpful"",""slit"",""majestic"",""fatigue""]","helpful","syn","obliging"
"Choose the synonym for 'poise'.","[""demean"",""meadow"",""artefact"",""composure""]","composure","syn","poise"
"Choose the synonym for 'technophobe'.","[""precarious"",""voluntary"",""technology-averse person"",""baton""]","technology-averse person","syn","technophobe"
"Choose the synonym for 'flog' (goods at a market).","[""incision"",""peddle"",""devout"",""compulsory""]","peddle","syn","flog"
"Choose the synonym for 'amoral'.","[""pioneer"",""deceive"",""naive"",""morally indifferent""]","morally indifferent","syn","amoral"
"Choose the synonym for 'stricken'.","[""concur"",""empire"",""afflicted"",""dismay""]","afflicted","syn","stricken"
"Choose the synonym for 'strenuous'.","[""immerse"",""spurn"",""retreat"",""arduous""]","arduous","syn","strenuous"
"Choose the synonym for 'melodious'.","[""melancholy"",""pivotal"",""tuneful"",""glut""]","tuneful","syn","melodious"
"Choose the synonym for 'discordant'.","[""harsh"",""mobile"",""palaeontologist"",""bawl""]","harsh","syn","discordant"
"Choose the synonym for 'afflict'.","[""trouble"",""subdued"",""leonine"",""exorbitant""]","trouble","syn","afflict"
"Choose the synonym for 'dictate' (instructions).","[""fluctuate"",""savvy"",""polarity"",""command""]","command","syn","dictate"
"Choose the synonym for 'desist'.","[""quaint"",""stop"",""peculiar"",""howl""]","stop","syn","desist"
"Choose the synonym for 'prevalent'.","[""isolation"",""warp"",""widespread"",""coax""]","widespread","syn","prevalent"
"Choose the synonym for 'enrapt'.","[""dilapidated"",""subterranean"",""helix"",""captivated""]","captivated","syn","enrapt"
"Choose the synonym for 'threadbare'.","[""cork"",""worn"",""hasty"",""deficient""]","worn","syn","threadbare"
"Choose the synonym for 'devoted'.","[""perplexed"",""sanction"",""loyal"",""current""]","loyal","syn","devoted"
"Choose the synonym for 'stalwart'.","[""grime"",""loyal"",""avowed"",""folly""]","loyal","syn","stalwart"
"Choose the synonym for 'jovial'.","[""forlorn"",""pretence"",""cheerful"",""dismay""]","cheerful","syn","jovial"
"Choose the synonym for 'genial'.","[""sermon"",""friendly"",""glum"",""factual""]","friendly","syn","genial"
"Choose the synonym for 'fraught'.","[""troubled"",""splendid"",""canine"",""poise""]","troubled","syn","fraught"
"Choose the synonym for 'fracas'.","[""trifling"",""brawl"",""wax"",""dingy""]","brawl","syn","fracas"
"Choose the synonym for 'facilitate'.","[""opaque"",""equivocate"",""trifling"",""enable""]","enable","syn","facilitate"
"Choose the synonym for 'nullify'.","[""potential"",""break a leg"",""cancel"",""pretentious""]","cancel","syn","nullify"
"Choose the synonym for 'infamy'.","[""smug"",""notoriety"",""tenuous"",""mumble""]","notoriety","syn","infamy"
"Choose the synonym for 'notoriety'.","[""disarray"",""inflame"",""infamy"",""myriad""]","infamy","syn","notoriety"
"Choose the synonym for 'rebuttal'.","[""refutation"",""abrupt"",""adverse"",""vain""]","refutation","syn","rebuttal"
"Choose the synonym for 'fickle'.","[""pretentious"",""changeable"",""dwindle"",""conventional""]","changeable","syn","fickle"
"Choose the synonym for 'staunch'.","[""haughty"",""steadfast"",""voluntary"",""margin""]","steadfast","syn","staunch"
"Choose the synonym for 'virulent' (of a disease).","[""severe"",""proclaim"",""malady"",""royal""]","severe","syn","virulent"
"Choose the synonym for 'proxy'.","[""grime"",""berate"",""aloof"",""representative""]","representative","syn","proxy"
"Choose the synonym for 'fester' (a problem).","[""worsen"",""apprehend"",""exclaim"",""snivel""]","worsen","syn","fester"
"Choose the synonym for 'intrinsic'.","[""inherent"",""conceal"",""repent"",""urge""]","inherent","syn","intrinsic"
"Choose the synonym for 'debut'.","[""caprine"",""first appearance"",""sanitary"",""coax""]","first appearance","syn","debut"
"Choose the synonym for 'hustle'.","[""slander"",""proxy"",""hurry"",""derelict""]","hurry","syn","hustle"
"Choose the synonym for 'chew the fat'.","[""thrifty"",""assiduous"",""chat"",""jury""]","chat","syn","chew the fat"
"Choose the synonym for 'delegate'.","[""sweltering"",""conserve"",""assign"",""sagacious""]","assign","syn","delegate"
"Choose the synonym for 'procrastinate'.","[""delay"",""obstinate"",""profligate"",""leonine""]","delay","syn","procrastinate"
"Choose the synonym for 'fringe' (of an area).","[""voluntary"",""waver"",""edge"",""weary""]","edge","syn","fringe"
"Choose the synonym for 'asinine'.","[""foolish"",""indulgent"",""decoy"",""petty""]","foolish","syn","asinine"
"Choose the synonym for 'bovine'.","[""criticism"",""favourable"",""cattle-like"",""deprive""]","cattle-like","syn","bovine"
"Choose the synonym for 'canine'.","[""extravagance"",""dog-like"",""queasy"",""intermittently""]","dog-like","syn","canine"
"Choose the synonym for 'caprine'.","[""perish"",""diminish"",""candid"",""goat-like""]","goat-like","syn","caprine"
"Choose the synonym for 'cervine'.","[""subterranean"",""deer-like"",""besieged"",""probable""]","deer-like","syn","cervine"
"Choose the synonym for 'corvine'.","[""frivolous"",""nauseous"",""beck"",""crow-like""]","crow-like","syn","corvine"
"Choose the synonym for 'equine'.","[""horse-like"",""peripheral"",""demure"",""melodious""]","horse-like","syn","equine"
"Choose the synonym for 'feline'.","[""nimble"",""criticism"",""cat-like"",""apprehend""]","cat-like","syn","feline"
"Choose the synonym for 'leonine'.","[""crooked"",""decoy"",""assiduous"",""lion-like""]","lion-like","syn","leonine"
"Choose the synonym for 'lupine'.","[""wolf-like"",""atlas"",""virtuous"",""probate""]","wolf-like","syn","lupine"
"Choose the synonym for 'murine'.","[""dilemma"",""clemency"",""abridge"",""mouse-like""]","mouse-like","syn","murine"
"Choose the synonym for 'ovine'.","[""ignorant"",""irritate"",""sheep-like"",""vicious""]","sheep-like","syn","ovine"
"Choose the synonym for 'piscine'.","[""crave"",""demean"",""fish-like"",""conspiracy""]","fish-like","syn","piscine"
"Choose the synonym for 'porcine'.","[""grieve"",""concede"",""contemporary"",""pig-like""]","pig-like","syn","porcine"
"Choose the synonym for 'serpentine' (a road).","[""fluctuate"",""refute"",""winding"",""rectify""]","winding","syn","serpentine"
"Choose the synonym for 'ursine'.","[""conceited"",""disperse"",""assiduous"",""bear-like""]","bear-like","syn","ursine"
"Choose the synonym for 'vulpine'.","[""magma"",""inferior"",""fox-like"",""congregate""]","fox-like","syn","vulpine"
"Choose the synonym for 'settee'.","[""subterfuge"",""grieve"",""covert"",""sofa""]","sofa","syn","settee"
"Choose the synonym for 'hammock'.","[""flourish"",""delegate"",""genial"",""hanging bed""]","hanging bed","syn","hammock"
"Choose the synonym for 'blot'.","[""stain"",""snub"",""imitate"",""feline""]","stain","syn","blot"
"Choose the synonym for 'jury'.","[""disguise"",""panel"",""memoir"",""unfathomable""]","panel","syn","jury"
"Choose the synonym for 'resolute'.","[""scurry"",""urge"",""determined"",""dais""]","determined","syn","resolute"
"Choose the synonym for 'taciturn'.","[""repent"",""quiet"",""nuisance"",""squander""]","quiet","syn","taciturn"
"Choose the synonym for 'tenacious'.","[""resolute"",""yearn"",""shoulder"",""myth""]","resolute","syn","tenacious"
"Choose the synonym for 'apprehensive'.","[""vehicle"",""anxious"",""hasty"",""sombre""]","anxious","syn","apprehensive"
"Choose the synonym for 'intrepid'.","[""brave"",""obedient"",""linger"",""evaluation""]","brave","syn","intrepid"
"Choose the synonym for 'ascend'.","[""confront"",""favourable"",""malign"",""climb""]","climb","syn","ascend"
"Choose the synonym for 'meander'.","[""offend"",""tone"",""implore"",""wander""]","wander","syn","meander"
"Choose the synonym for 'propel'.","[""theme"",""push"",""jaded"",""especially""]","push","syn","propel"
"Choose the synonym for 'scurry'.","[""wreck"",""dash"",""equipped"",""majestic""]","dash","syn","scurry"
"Choose the synonym for 'trudge'.","[""intermittently"",""affable"",""plod"",""negligible""]","plod","syn","trudge"
"Choose the synonym for 'abundant'.","[""plentiful"",""prophecy"",""juvenile"",""caption""]","plentiful","syn","abundant"
"Choose the synonym for 'opulent'.","[""wealthy"",""meagre"",""bruise"",""arduous""]","wealthy","syn","opulent"
"Choose the synonym for 'porous'.","[""profligate"",""peckish"",""brittle"",""permeable""]","permeable","syn","porous"
"Choose the synonym for 'abhorrent'.","[""detestable"",""bovine"",""appreciate"",""succumb""]","detestable","syn","abhorrent"
"Choose the synonym for 'hostile'.","[""isolation"",""aggressive"",""flamboyant"",""forlorn""]","aggressive","syn","hostile"
"Choose the synonym for 'heinous'.","[""thrifty"",""elongate"",""wicked"",""polarity""]","wicked","syn","heinous"
"Choose the synonym for 'adversity'.","[""accompany"",""yearn"",""hardship"",""curiosity""]","hardship","syn","adversity"
"Choose the synonym for 'abate'.","[""paltry"",""novice"",""diminish"",""plunder""]","diminish","syn","abate"
"Choose the synonym for 'abduct'.","[""devout"",""adverse"",""seize"",""cervine""]","seize","syn","abduct"
"Choose the synonym for 'aberrant'.","[""structure"",""criticism"",""deviant"",""stroll""]","deviant","syn","aberrant"
"Choose the synonym for 'ablest'.","[""witty"",""resolute"",""most capable"",""abstruse""]","most capable","syn","ablest"
"Choose the synonym for 'abominable'.","[""adept"",""dreadful"",""aghast"",""environment""]","dreadful","syn","abominable"
"Choose the synonym for 'abomination'.","[""decoy"",""acrid"",""atrocity"",""deceive""]","atrocity","syn","abomination"
"Choose the synonym for 'abrasive'.","[""abrupt"",""austerity"",""harsh"",""accustom""]","harsh","syn","abrasive"
"Choose the synonym for 'absence'.","[""lack"",""threadbare"",""weary"",""leonine""]","lack","syn","absence"
"Choose the synonym for 'absolute'.","[""total"",""malady"",""relevant"",""meek""]","total","syn","absolute"
"Choose the synonym for 'absorbed'.","[""famished"",""engrossed"",""decrepit"",""coil""]","engrossed","syn","absorbed"
"Choose the synonym for 'abstract'.","[""settee"",""gulp"",""chortle"",""theoretical""]","theoretical","syn","abstract"
"Choose the synonym for 'abstruse'.","[""arcane"",""marvellous"",""imagery"",""commence""]","arcane","syn","abstruse"
"Choose the synonym for 'accessible'.","[""exile"",""consonant"",""profligate"",""available""]","available","syn","accessible"
"Choose the synonym for 'acclaim'.","[""magma"",""acid"",""prose"",""praise""]","praise","syn","acclaim"
"Choose the synonym for 'accolade'.","[""curiosity"",""amateur"",""conceal"",""award""]","award","syn","accolade"
"Choose the synonym for 'accumulate'.","[""government"",""system"",""imposing"",""amass""]","amass","syn","accumulate"
"Choose the synonym for 'accusatory'.","[""resonate"",""accusing"",""linger"",""peddle""]","accusing","syn","accusatory"
"Choose the synonym for 'accuse'.","[""accommodate"",""blame"",""despicable"",""gloomy""]","blame","syn","accuse"
"Choose the synonym for 'accustom'.","[""lofty"",""frivolous"",""habituate"",""myriad""]","habituate","syn","accustom"
"Choose the synonym for 'acerbic'.","[""biting"",""demean"",""tone"",""abundant""]","biting","syn","acerbic"
"Choose the synonym for 'acquaint'.","[""wreck"",""celestial"",""hamper"",""introduce""]","introduce","syn","acquaint"
"Choose the synonym for 'acquiescence'.","[""assent"",""antiquity"",""sedate"",""corvine""]","assent","syn","acquiescence"
"Choose the synonym for 'acquire'.","[""oblige"",""loathsome"",""dais"",""obtain""]","obtain","syn","acquire"
"Choose the synonym for 'acrimonious'.","[""jovial"",""brusque"",""hostile"",""dilapidated""]","hostile","syn","acrimonious"
"Choose the synonym for 'acronym'.","[""submissive"",""acquiescence"",""abbreviation"",""fester""]","abbreviation","syn","acronym"
"Choose the synonym for 'adamant'.","[""advice"",""favoured"",""novice"",""resolute""]","resolute","syn","adamant"
"Choose the synonym for 'address'.","[""faux"",""majestic"",""derelict"",""greet""]","greet","syn","address"
"Choose the synonym for 'adequate'.","[""filth"",""palaeontologist"",""ambulatory"",""sufficient""]","sufficient","syn","adequate"
"Choose the synonym for 'adherent'.","[""supporter"",""lout"",""drowsy"",""forgo""]","supporter","syn","adherent"
"Choose the synonym for 'adjacent'.","[""aspire"",""empire"",""disperse"",""neighbouring""]","neighbouring","syn","adjacent"
"Choose the synonym for 'adjourn'.","[""weary"",""apprehend"",""suspend"",""truce""]","suspend","syn","adjourn"
"Choose the synonym for 'admirable'.","[""praiseworthy"",""satiated"",""immaculate"",""composition""]","praiseworthy","syn","admirable"
"Choose the synonym for 'admission'.","[""stride"",""inconspicuous"",""entry"",""figurative""]","entry","syn","admission"
"Choose the synonym for 'admonish'.","[""pensive"",""agreeable"",""reprimand"",""apprehensive""]","reprimand","syn","admonish"
"Choose the synonym for 'adopt'.","[""queasy"",""embrace"",""dictate"",""persuade""]","embrace","syn","adopt"
"Choose the synonym for 'adore'.","[""cherish"",""compulsory"",""vicarious"",""placid""]","cherish","syn","adore"
"Choose the synonym for 'adulation'.","[""rowdy"",""sombre"",""flattery"",""physical""]","flattery","syn","adulation"
"Choose the synonym for 'advance'.","[""oodles"",""progress"",""agitated"",""taut""]","progress","syn","advance"
"Choose the synonym for 'adversary'.","[""opponent"",""shack"",""hind"",""identity""]","opponent","syn","adversary"
"Choose the synonym for 'aesthetic'.","[""caulk"",""artistic"",""irate"",""imagery""]","artistic","syn","aesthetic"
"Choose the synonym for 'affectionate'.","[""adept"",""cervine"",""tender"",""impediment""]","tender","syn","affectionate"
"Choose the synonym for 'affinity'.","[""polarity"",""attraction"",""calamity"",""fusion""]","attraction","syn","affinity"
"Choose the synonym for 'affirmation'.","[""jeer"",""affluence"",""dazzling"",""confirmation""]","confirmation","syn","affirmation"
"Choose the synonym for 'affliction'.","[""lenient"",""peckish"",""anguish"",""conscience""]","anguish","syn","affliction"
"Choose the synonym for 'affluent'.","[""wealthy"",""wee"",""perilous"",""squander""]","wealthy","syn","affluent"
"Choose the synonym for 'affront'.","[""scurry"",""snub"",""pensive"",""helix""]","snub","syn","affront"
"Choose the synonym for 'aggressor'.","[""attacker"",""sacrifice"",""acute"",""deceive""]","attacker","syn","aggressor"
"Choose the synonym for 'aghast'.","[""rowdy"",""horrified"",""amateur"",""committee""]","horrified","syn","aghast"
"Choose the synonym for 'agnostic'.","[""ordeal"",""sceptic"",""vegetable"",""connotation""]","sceptic","syn","agnostic"
"Choose the synonym for 'agreeable'.","[""vegetable"",""hallmark"",""fatigue"",""likeable""]","likeable","syn","agreeable"
"Choose the synonym for 'akin'.","[""shoulder"",""demolished"",""similar"",""audition""]","similar","syn","akin"
"Choose the synonym for 'alacrity'.","[""immediately"",""filth"",""eagerness"",""aesthetic""]","eagerness","syn","alacrity"
"Choose the synonym for 'albeit'.","[""even though"",""pigment"",""theme"",""boisterous""]","even though","syn","albeit"
"Choose the synonym for 'alert'.","[""startle"",""attentive"",""exclaim"",""disastrous""]","attentive","syn","alert"
"Choose the synonym for 'alienate'.","[""estrange"",""wavy"",""atlas"",""nullify""]","estrange","syn","alienate"
"Choose the synonym for 'allay'.","[""adopt"",""despicable"",""calm"",""complement""]","calm","syn","allay"
"Choose the synonym for 'allegation'.","[""breach"",""accusation"",""rigorous"",""prophecy""]","accusation","syn","allegation"
"Choose the synonym for 'alleviate'.","[""propel"",""cherished"",""lessen"",""authentic""]","lessen","syn","alleviate"
"Choose the synonym for 'allot'.","[""invigorated"",""deplete"",""famine"",""assign""]","assign","syn","allot"
"Choose the synonym for 'alluring'.","[""cathartic"",""enticing"",""pristine"",""jeer""]","enticing","syn","alluring"
"Choose the synonym for 'allusion'.","[""delegate"",""variety"",""reference"",""incision""]","reference","syn","allusion"
"Choose the synonym for 'ally'.","[""alacrity"",""wholesome"",""infamy"",""supporter""]","supporter","syn","ally"
"Choose the synonym for 'altercation'.","[""aversion"",""dispute"",""raucous"",""wary""]","dispute","syn","altercation"
"Choose the synonym for 'altitude'.","[""abomination"",""clandestine"",""hammock"",""height""]","height","syn","altitude"
"Choose the synonym for 'altruistic'.","[""amoral"",""conclude"",""capricious"",""charitable""]","charitable","syn","altruistic"
"Choose the synonym for 'ambition'.","[""aspiration"",""slack"",""sanguine"",""vapour""]","aspiration","syn","ambition"
"Choose the synonym for 'ambivalence'.","[""bawl"",""trivial"",""doubt"",""analogy""]","doubt","syn","ambivalence"
"Choose the synonym for 'amend'.","[""revise"",""cliché"",""folly"",""intrepid""]","revise","syn","amend"
"Choose the synonym for 'amiable'.","[""diminish"",""isolation"",""affable"",""distress""]","affable","syn","amiable"
"Choose the synonym for 'amorphous'.","[""assortment"",""vulgar"",""articulate"",""shapeless""]","shapeless","syn","amorphous"
"Choose the synonym for 'amphibian'.","[""water-and-land creature"",""splendid"",""malign"",""impart""]","water-and-land creature","syn","amphibian"
"Choose the synonym for 'ample'.","[""burgeon"",""truce"",""sufficient"",""language""]","sufficient","syn","ample"
"Choose the synonym for 'amusing'.","[""adverse"",""funny"",""conscience"",""contemporary""]","funny","syn","amusing"
"Choose the synonym for 'anagram'.","[""mediocre"",""compliant"",""rearrangement"",""abolish""]","rearrangement","syn","anagram"
"Choose the synonym for 'analogy'.","[""comparison"",""dwelling"",""rigorous"",""brittle""]","comparison","syn","analogy"
"Choose the synonym for 'anarchist'.","[""abstract"",""asinine"",""revolutionary"",""crooked""]","revolutionary","syn","anarchist"
"Choose the synonym for 'ancestral'.","[""hereditary"",""soldier"",""candidate"",""evaluation""]","hereditary","syn","ancestral"
"Choose the synonym for 'anecdote'.","[""tale"",""breadth"",""inconsequential"",""admission""]","tale","syn","anecdote"
"Choose the synonym for 'angst'.","[""dread"",""impervious"",""revolve"",""tint""]","dread","syn","angst"
"Choose the synonym for 'antagonistic'.","[""dilate"",""hostile"",""vent"",""assortment""]","hostile","syn","antagonistic"
"Choose the synonym for 'antidote'.","[""conscience"",""covet"",""complacent"",""remedy""]","remedy","syn","antidote"
"Choose the synonym for 'antipathy'.","[""adept"",""aversion"",""interpret"",""bulky""]","aversion","syn","antipathy"
"Choose the synonym for 'antiquated'.","[""aloof"",""legend"",""insignia"",""obsolete""]","obsolete","syn","antiquated"
"Choose the synonym for 'antithesis'.","[""aesthetic"",""opposite"",""astounding"",""smug""]","opposite","syn","antithesis"
"Choose the synonym for 'anxious'.","[""affirmation"",""complex"",""nervous"",""throng""]","nervous","syn","anxious"
"Choose the synonym for 'aperture'.","[""rupture"",""opening"",""clutter"",""caricature""]","opening","syn","aperture"
"Choose the synonym for 'aphorism'.","[""maxim"",""analyse"",""vent"",""sagacious""]","maxim","syn","aphorism"
"Choose the synonym for 'apoplectic'.","[""jeer"",""resolute"",""extravagance"",""furious""]","furious","syn","apoplectic"
"Choose the synonym for 'appeal'.","[""adhere"",""ascent"",""plea"",""immaculate""]","plea","syn","appeal"
"Choose the synonym for 'appearance'.","[""refute"",""poise"",""lightning"",""look""]","look","syn","appearance"
"Choose the synonym for 'appease'.","[""citizen"",""exaggerate"",""calm"",""crack up""]","calm","syn","appease"
"Choose the synonym for 'appetising'.","[""existence"",""shell"",""adore"",""tasty""]","tasty","syn","appetising"
"Choose the synonym for 'apprentice'.","[""delegate"",""sedate"",""novice"",""gadget""]","novice","syn","apprentice"
"Choose the synonym for 'apprise'.","[""gleeful"",""inform"",""staunch"",""hustle""]","inform","syn","apprise"
"Choose the synonym for 'approve'.","[""buttress"",""abrasive"",""agree"",""indulgent""]","agree","syn","approve"
"Choose the synonym for 'apt'.","[""suitable"",""futile"",""nebulous"",""godsend""]","suitable","syn","apt"
"Choose the synonym for 'aptitude'.","[""banish"",""barren"",""crop"",""talent""]","talent","syn","aptitude"
"Choose the synonym for 'arbitrary'.","[""alluring"",""random"",""heed"",""abate""]","random","syn","arbitrary"
"Choose the synonym for 'archaic'.","[""old-fashioned"",""nuisance"",""balk"",""proclaim""]","old-fashioned","syn","archaic"
"Choose the synonym for 'architecture'.","[""avowed"",""guarantee"",""building design"",""affirmation""]","building design","syn","architecture"
"Choose the synonym for 'ardour'.","[""enthusiasm"",""smirk"",""combat"",""desperate""]","enthusiasm","syn","ardour"
"Choose the synonym for 'argument'.","[""exaggerate"",""literal"",""dispute"",""novice""]","dispute","syn","argument"
"Choose the synonym for 'arouse'.","[""restaurant"",""allegation"",""provoke"",""compile""]","provoke","syn","arouse"
"Choose the synonym for 'arrogance'.","[""unsurpassed"",""haughtiness"",""abate"",""inflame""]","haughtiness","syn","arrogance"
"Choose the synonym for 'artful'.","[""hustle"",""cunning"",""chastised"",""adversity""]","cunning","syn","artful"
"Choose the synonym for 'article'.","[""favourable"",""item"",""clandestine"",""hawk""]","item","syn","article"
"Choose the synonym for 'articulate'.","[""crooked"",""expressive"",""mellow"",""inconspicuous""]","expressive","syn","articulate"
"Choose the synonym for 'artificial'.","[""sage"",""synthetic"",""shrewd"",""aversion""]","synthetic","syn","artificial"
"Choose the synonym for 'artisan'.","[""bequeath"",""craftsman"",""government"",""ferocious""]","craftsman","syn","artisan"
"Choose the synonym for 'ascendancy'.","[""domination"",""conscience"",""marquee"",""demolish""]","domination","syn","ascendancy"
"Choose the synonym for 'ascent'.","[""combination"",""gratifying"",""variety"",""climb""]","climb","syn","ascent"
"Choose the synonym for 'ascetic'.","[""uniform"",""tone"",""taut"",""austere""]","austere","syn","ascetic"
"Choose the synonym for 'askance'.","[""bland"",""suspiciously"",""fable"",""tease""]","suspiciously","syn","askance"
"Choose the synonym for 'aspiration'.","[""accolade"",""ambition"",""confront"",""technophobe""]","ambition","syn","aspiration"
"Choose the synonym for 'assemble'.","[""pompous"",""gather"",""imbecile"",""caption""]","gather","syn","assemble"
"Choose the synonym for 'assertive'.","[""bedlam"",""sullen"",""imposing"",""firm""]","firm","syn","assertive"
"Choose the synonym for 'asset'.","[""develop"",""stride"",""vowel"",""valuable""]","valuable","syn","asset"
"Choose the synonym for 'assistance'.","[""according"",""help"",""industrious"",""dismal""]","help","syn","assistance"
"Choose the synonym for 'assortment'.","[""dignify"",""collection"",""dictate"",""lupine""]","collection","syn","assortment"
"Choose the synonym for 'assuage'.","[""soothe"",""frivolous"",""enmity"",""lean""]","soothe","syn","assuage"
"Choose the synonym for 'astonishment'.","[""ravenous"",""conscientious"",""amazement"",""calm""]","amazement","syn","astonishment"
"Choose the synonym for 'astounding'.","[""regal"",""trudge"",""cache"",""amazing""]","amazing","syn","astounding"
"Choose the synonym for 'asunder'.","[""assemble"",""apart"",""clemency"",""trinket""]","apart","syn","asunder"
"Choose the synonym for 'atrocious'.","[""abhorrent"",""dilate"",""hawk"",""flog""]","abhorrent","syn","atrocious"
"Choose the synonym for 'attempt'.","[""ajar"",""mirage"",""endeavour"",""inflame""]","endeavour","syn","attempt"
"Choose the synonym for 'attentive'.","[""ostentatious"",""alert"",""enrapt"",""doltish""]","alert","syn","attentive"
"Choose the synonym for 'attribute'.","[""bellicose"",""sedate"",""whimper"",""ascribe""]","ascribe","syn","attribute"
"Choose the synonym for 'audacity'.","[""feline"",""subterranean"",""coincide"",""boldness""]","boldness","syn","audacity"
"Choose the synonym for 'audition'.","[""abundance"",""melancholy"",""trial"",""bruise""]","trial","syn","audition"
"Choose the synonym for 'augment'.","[""enlarge"",""fissure"",""insipid"",""affliction""]","enlarge","syn","augment"
"Choose the synonym for 'autonomous'.","[""vulgar"",""independent"",""cerebral"",""existence""]","independent","syn","autonomous"
"Choose the synonym for 'aversion'.","[""dislike"",""foreign"",""relevant"",""commercial""]","dislike","syn","aversion"
"Choose the synonym for 'avoid'.","[""aggravation"",""eccentric"",""evade"",""pious""]","evade","syn","avoid"
"Choose the synonym for 'awe'.","[""wonder"",""bequeath"",""deceive"",""vehicle""]","wonder","syn","awe"
"Choose the synonym for 'awry'.","[""crooked"",""breach"",""fluctuate"",""discordant""]","crooked","syn","awry"
"Choose the synonym for 'axiom'.","[""harass"",""acquire"",""obstinate"",""maxim""]","maxim","syn","axiom"
"Choose the synonym for 'baleful'.","[""fertile"",""ambulatory"",""malicious"",""afflict""]","malicious","syn","baleful"
"Choose the synonym for 'balk'.","[""passive"",""refuse"",""celestial"",""proclaim""]","refuse","syn","balk"
"Choose the synonym for 'banal'.","[""valour"",""unravel"",""fluctuate"",""ordinary""]","ordinary","syn","banal"
"Choose the synonym for 'bane'.","[""sanitary"",""nuisance"",""caulk"",""tint""]","nuisance","syn","bane"
"Choose the synonym for 'barbarian'.","[""tranquil"",""savage"",""irksome"",""burden""]","savage","syn","barbarian"
"Choose the synonym for 'barricade'.","[""barrier"",""sweltering"",""tempest"",""committee""]","barrier","syn","barricade"
"Choose the synonym for 'belies'.","[""pigment"",""jovial"",""succumb"",""disproves""]","disproves","syn","belies"
"Choose the synonym for 'belittle'.","[""diminish"",""agitated"",""competition"",""cherished""]","diminish","syn","belittle"
"Choose the synonym for 'bellicose'.","[""obstinate"",""aggressive"",""dilate"",""opportunity""]","aggressive","syn","bellicose"
"Choose the synonym for 'bemoan'.","[""incision"",""solitary"",""suggest"",""lament""]","lament","syn","bemoan"
"Choose the synonym for 'bemuse'.","[""abduct"",""justify"",""baffle"",""brisk""]","baffle","syn","bemuse"
"Choose the synonym for 'benefit'.","[""advantage"",""elementary"",""destitute"",""dictate""]","advantage","syn","benefit"
"Choose the synonym for 'benevolent'.","[""wreck"",""forthwith"",""ambition"",""charitable""]","charitable","syn","benevolent"
"Choose the synonym for 'benign'.","[""harmless"",""cacophony"",""appeal"",""inept""]","harmless","syn","benign"
"Choose the synonym for 'bequeath'.","[""leave behind"",""oodles"",""adulation"",""sage""]","leave behind","syn","bequeath"
"Choose the synonym for 'bereft'.","[""meek"",""famished"",""languid"",""uprooted""]","uprooted","syn","bereft"
"Choose the synonym for 'besiege'.","[""ravenous"",""pious"",""sever"",""surround""]","surround","syn","besiege"
"Choose the synonym for 'betray'.","[""deceive"",""canopy"",""cohesive"",""comical""]","deceive","syn","betray"
"Choose the synonym for 'biased'.","[""apprise"",""prejudiced"",""enrage"",""virtuous""]","prejudiced","syn","biased"
"Choose the synonym for 'bickering'.","[""cuisine"",""endeavour"",""bland"",""squabbling""]","squabbling","syn","bickering"
"Choose the synonym for 'biodiversity'.","[""species variety"",""crevice"",""peripheral"",""oblige""]","species variety","syn","biodiversity"
"Choose the synonym for 'bipartisan'.","[""divulge"",""wavy"",""cross-party"",""fortitude""]","cross-party","syn","bipartisan"
"Choose the synonym for 'blasphemy'.","[""irreverence"",""brooding"",""coherent"",""connotation""]","irreverence","syn","blasphemy"
"Choose the synonym for 'bleak'.","[""leonine"",""boon"",""dismal"",""felicitous""]","dismal","syn","bleak"
"Choose the synonym for 'blissful'.","[""tempest"",""meek"",""nimble"",""delighted""]","delighted","syn","blissful"
"Choose the synonym for 'boisterous'.","[""muscle"",""pigment"",""rowdy"",""jovial""]","rowdy","syn","boisterous"
"Choose the synonym for 'bolster'.","[""trough"",""foreign"",""strengthen"",""jaded""]","strengthen","syn","bolster"
"Choose the synonym for 'boon'.","[""vital"",""perspective"",""molten"",""benefit""]","benefit","syn","boon"
"Choose the synonym for 'braggart'.","[""enterprise"",""bulky"",""fable"",""boaster""]","boaster","syn","braggart"
"Choose the synonym for 'brawn'.","[""evaluation"",""muscle"",""melancholy"",""futile""]","muscle","syn","brawn"
"Choose the synonym for 'brazen'.","[""feline"",""impudent"",""summarise"",""acquire""]","impudent","syn","brazen"
"Choose the synonym for 'breach'.","[""violation"",""barricade"",""adopt"",""fret""]","violation","syn","breach"
"Choose the synonym for 'breadth'.","[""component"",""width"",""askance"",""intrepid""]","width","syn","breadth"
"Choose the synonym for 'brevity'.","[""assertive"",""veteran"",""conciseness"",""sanitary""]","conciseness","syn","brevity"
"Choose the synonym for 'brief'.","[""avoid"",""rowdy"",""subtle"",""concise""]","concise","syn","brief"
"Choose the synonym for 'brisk'.","[""attest"",""programme"",""quick"",""awe""]","quick","syn","brisk"
"Choose the synonym for 'brooding'.","[""evaluation"",""trickle"",""torment"",""pondering""]","pondering","syn","brooding"
"Choose the synonym for 'bulky'.","[""massive"",""inaugurate"",""imperative"",""compliment""]","massive","syn","bulky"
"Choose the synonym for 'burden'.","[""sagacious"",""load"",""accompany"",""ostentatious""]","load","syn","burden"
"Choose the synonym for 'burgeon'.","[""attest"",""gulp"",""abhor"",""flourish""]","flourish","syn","burgeon"
"Choose the synonym for 'bustling'.","[""shell"",""blunt"",""wee"",""teeming""]","teeming","syn","bustling"
"Choose the synonym for 'buttress'.","[""cemetery"",""enchant"",""atrocious"",""support""]","support","syn","buttress"
"Choose the synonym for 'cache'.","[""enrage"",""store"",""veto"",""prose""]","store","syn","cache"
"Choose the synonym for 'cacophony'.","[""trivia"",""din"",""alleviate"",""peril""]","din","syn","cacophony"
"Choose the synonym for 'cajole'.","[""imagery"",""coax"",""linger"",""meagre""]","coax","syn","cajole"
"Choose the synonym for 'callow'.","[""tease"",""adjourn"",""adamant"",""naive""]","naive","syn","callow"
"Choose the synonym for 'calm'.","[""citizen"",""nuisance"",""serene"",""fatal""]","serene","syn","calm"
"Choose the synonym for 'campaign'.","[""placid"",""petty"",""adept"",""programme""]","programme","syn","campaign"
"Choose the synonym for 'candidate'.","[""equip"",""din"",""applicant"",""ally""]","applicant","syn","candidate"
"Choose the synonym for 'candour'.","[""awkward"",""disarray"",""elongate"",""frankness""]","frankness","syn","candour"
"Choose the synonym for 'canopy'.","[""stalwart"",""cover"",""existence"",""conserve""]","cover","syn","canopy"
"Choose the synonym for 'cantankerous'.","[""slander"",""leonine"",""scruffy"",""cranky""]","cranky","syn","cantankerous"
"Choose the synonym for 'capricious'.","[""chaos"",""inconspicuous"",""impediment"",""fickle""]","fickle","syn","capricious"
"Choose the synonym for 'careering'.","[""betray"",""galloping"",""forthwith"",""desist""]","galloping","syn","careering"
"Choose the synonym for 'caricature'.","[""cherished"",""proxy"",""parody"",""ancestral""]","parody","syn","caricature"
"Choose the synonym for 'catastrophe'.","[""peripheral"",""calamity"",""inaugurate"",""vile""]","calamity","syn","catastrophe"
"Choose the synonym for 'cathartic'.","[""acclaim"",""interrupt"",""liberating"",""whine""]","liberating","syn","cathartic"
"Choose the synonym for 'caution'.","[""atlas"",""satiated"",""care"",""banish""]","care","syn","caution"
"Choose the synonym for 'cavorting'.","[""romping"",""cajole"",""bulky"",""aphorism""]","romping","syn","cavorting"
"Choose the synonym for 'cease'.","[""stop"",""vulpine"",""palaeontologist"",""porous""]","stop","syn","cease"
"Choose the synonym for 'cerebral'.","[""article"",""mental"",""aberrant"",""adverse""]","mental","syn","cerebral"
"Choose the synonym for 'certitude'.","[""shoulder"",""comrade"",""certainty"",""determined""]","certainty","syn","certitude"
"Choose the synonym for 'chameleon'.","[""ursine"",""mimic"",""asset"",""margin""]","mimic","syn","chameleon"
"Choose the synonym for 'chaos'.","[""omen"",""absurd"",""confront"",""disorder""]","disorder","syn","chaos"
"Choose the synonym for 'charismatic'.","[""placate"",""magnetic"",""gravely"",""adjacent""]","magnetic","syn","charismatic"
"Choose the synonym for 'charitable'.","[""benevolent"",""rhyme"",""procrastinate"",""conflagration""]","benevolent","syn","charitable"
"Choose the synonym for 'charlatan'.","[""radiant"",""impostor"",""coerce"",""repent""]","impostor","syn","charlatan"
"Choose the synonym for 'charming'.","[""delightful"",""flog"",""tint"",""revolve""]","delightful","syn","charming"
"Choose the synonym for 'chasm'.","[""unkempt"",""gulf"",""irksome"",""government""]","gulf","syn","chasm"
"Choose the synonym for 'chastised'.","[""device"",""brief"",""scowl"",""punished""]","punished","syn","chastised"
"Choose the synonym for 'cherished'.","[""ravenous"",""novice"",""treasured"",""chortle""]","treasured","syn","cherished"
"Choose the synonym for 'chicanery'.","[""angst"",""trickery"",""disperse"",""memoir""]","trickery","syn","chicanery"
"Choose the synonym for 'citizen'.","[""adore"",""ingredient"",""deficient"",""national""]","national","syn","citizen"
"Choose the synonym for 'clandestine'.","[""anagram"",""covert"",""favourable"",""virulent""]","covert","syn","clandestine"
"Choose the synonym for 'clement'.","[""tardy"",""lenient"",""resolute"",""abrasive""]","lenient","syn","clement"
"Choose the synonym for 'clench'.","[""gleeful"",""prudent"",""grip"",""chore""]","grip","syn","clench"
"Choose the synonym for 'cliché'.","[""ally"",""platitude"",""oblige"",""abstain""]","platitude","syn","cliché"
"Choose the synonym for 'clutter'.","[""corvine"",""volatile"",""mess"",""substantial""]","mess","syn","clutter"
"Choose the synonym for 'coarse'.","[""rough"",""decoy"",""concur"",""simile""]","rough","syn","coarse"
"Choose the synonym for 'coerce'.","[""force"",""cease"",""wreck"",""tempestuous""]","force","syn","coerce"
"Choose the synonym for 'coherent'.","[""mist"",""adequate"",""prejudice"",""lucid""]","lucid","syn","coherent"
"Choose the synonym for 'cohesive'.","[""melancholy"",""united"",""jubilant"",""purloin""]","united","syn","cohesive"
"Choose the synonym for 'coincide'.","[""ordeal"",""toil"",""resonate"",""concur""]","concur","syn","coincide"
"Choose the synonym for 'collaborate'.","[""cherished"",""apparent"",""desire"",""cooperate""]","cooperate","syn","collaborate"
"Choose the synonym for 'collide'.","[""slack"",""crash"",""trinket"",""adulation""]","crash","syn","collide"
"Choose the synonym for 'colloquial'.","[""informal"",""stingy"",""appeal"",""ancestral""]","informal","syn","colloquial"
"Choose the synonym for 'collude'.","[""coherent"",""conspire"",""strenuous"",""tepid""]","conspire","syn","collude"
"Choose the synonym for 'combat'.","[""virtue"",""fight"",""repent"",""sermon""]","fight","syn","combat"
"Choose the synonym for 'combination'.","[""mixture"",""diluted"",""settee"",""boisterous""]","mixture","syn","combination"
"Choose the synonym for 'comforting'.","[""humid"",""soothing"",""clement"",""charismatic""]","soothing","syn","comforting"
"Choose the synonym for 'comical'.","[""boastful"",""precarious"",""sequence"",""amusing""]","amusing","syn","comical"
"Choose the synonym for 'commemorate'.","[""husk"",""cease"",""celebrate"",""crop""]","celebrate","syn","commemorate"
"Choose the synonym for 'commendable'.","[""anecdote"",""trivial"",""admirable"",""category""]","admirable","syn","commendable"
"Choose the synonym for 'commercial'.","[""procrastinate"",""stagnant"",""sage"",""trade""]","trade","syn","commercial"
"Choose the synonym for 'commit'.","[""promise"",""chaos"",""bipartisan"",""citizen""]","promise","syn","commit"
"Choose the synonym for 'commotion'.","[""upheaval"",""restrain"",""acrid"",""rowdy""]","upheaval","syn","commotion"
"Choose the synonym for 'companion'.","[""symbol"",""friend"",""aggressive"",""fragrant""]","friend","syn","companion"
"Choose the synonym for 'company'.","[""enterprise"",""sanguine"",""forgo"",""deliberate""]","enterprise","syn","company"
"Choose the synonym for 'compel'.","[""vile"",""conclude"",""appreciate"",""oblige""]","oblige","syn","compel"
"Choose the synonym for 'compile'.","[""combination"",""ambition"",""assemble"",""urge""]","assemble","syn","compile"
"Choose the synonym for 'complacent'.","[""avowed"",""incision"",""concur"",""smug""]","smug","syn","complacent"
"Choose the synonym for 'complaisant'.","[""gratitude"",""ignite"",""obliging"",""faux""]","obliging","syn","complaisant"
"Choose the synonym for 'complex'.","[""figurative"",""shoulder"",""brawn"",""intricate""]","intricate","syn","complex"
"Choose the synonym for 'complicity'.","[""resonate"",""quaint"",""guilt"",""audience""]","guilt","syn","complicity"
"Choose the synonym for 'component'.","[""part"",""brittle"",""raiment"",""pompous""]","part","syn","component"
"Choose the synonym for 'composed'.","[""genial"",""calm"",""magma"",""mediocre""]","calm","syn","composed"
"Choose the synonym for 'composure'.","[""ovine"",""variety"",""poise"",""assortment""]","poise","syn","composure"
"Choose the synonym for 'comprehend'.","[""amoral"",""myth"",""understand"",""average""]","understand","syn","comprehend"
"Choose the synonym for 'conceive'.","[""sway"",""peckish"",""atmosphere"",""imagine""]","imagine","syn","conceive"
"Choose the synonym for 'concentrated'.","[""yacht"",""absorbed"",""ursine"",""arid""]","absorbed","syn","concentrated"
"Choose the synonym for 'concerted'.","[""deliberate"",""vent"",""absorbed"",""torment""]","deliberate","syn","concerted"
"Choose the synonym for 'conciliatory'.","[""adherent"",""godsend"",""clench"",""peaceful""]","peaceful","syn","conciliatory"
"Choose the synonym for 'concise'.","[""familiar"",""oblige"",""cervine"",""brief""]","brief","syn","concise"
"Choose the synonym for 'conclude'.","[""finish"",""burgeon"",""altercation"",""frivolous""]","finish","syn","conclude"
"Choose the synonym for 'conclusive'.","[""diplomatic"",""elongate"",""decisive"",""weary""]","decisive","syn","conclusive"
"Choose the synonym for 'concoct'.","[""imposing"",""adjourn"",""devise"",""truce""]","devise","syn","concoct"
"Choose the synonym for 'condescension'.","[""arrogance"",""demure"",""committee"",""atlas""]","arrogance","syn","condescension"
"Choose the synonym for 'condone'.","[""cherished"",""succumb"",""languid"",""tolerate""]","tolerate","syn","condone"
"Choose the synonym for 'conducive'.","[""yearn"",""favourable"",""arduous"",""pare""]","favourable","syn","conducive"
"Choose the synonym for 'confer'.","[""deliberate"",""debris"",""complicity"",""glutton""]","deliberate","syn","confer"
"Choose the synonym for 'conferred'.","[""resort to"",""expel"",""profligate"",""discussed""]","discussed","syn","conferred"
"Choose the synonym for 'confide'.","[""foresight"",""disclose"",""endure"",""mobile""]","disclose","syn","confide"
"Choose the synonym for 'confine'.","[""deride"",""defunct"",""brazen"",""restrict""]","restrict","syn","confine"
"Choose the synonym for 'confiscate'.","[""seize"",""malady"",""simile"",""affinity""]","seize","syn","confiscate"
"Choose the synonym for 'confound'.","[""atlas"",""baffle"",""entice"",""obsolete""]","baffle","syn","confound"
"Choose the synonym for 'congenial'.","[""tint"",""decrepit"",""deranged"",""agreeable""]","agreeable","syn","congenial"
"Choose the synonym for 'congested'.","[""penetrate"",""overcrowded"",""brief"",""employ""]","overcrowded","syn","congested"
"Choose the synonym for 'connoisseur'.","[""expedient"",""guile"",""daunt"",""expert""]","expert","syn","connoisseur"
"Choose the synonym for 'consensus'.","[""agreement"",""perspective"",""exclaim"",""haphazard""]","agreement","syn","consensus"
"Choose the synonym for 'consent'.","[""contrast"",""assent"",""contract"",""chastised""]","assent","syn","consent"
"Choose the synonym for 'conservation'.","[""protection"",""tepid"",""ample"",""farce""]","protection","syn","conservation"
"Choose the synonym for 'consideration'.","[""rigorous"",""curtail"",""exaggerate"",""deliberation""]","deliberation","syn","consideration"
"Choose the synonym for 'consistency'.","[""convoluted"",""embrace"",""extinct"",""steadiness""]","steadiness","syn","consistency"
"Choose the synonym for 'conspire'.","[""endeavour"",""affable"",""collude"",""adverse""]","collude","syn","conspire"
"Choose the synonym for 'constant'.","[""palaeontologist"",""continuous"",""impede"",""comical""]","continuous","syn","constant"
"Choose the synonym for 'constrain'.","[""linger"",""halt"",""compel"",""evade""]","compel","syn","constrain"
"Choose the synonym for 'constraint'.","[""banal"",""delightful"",""restriction"",""stalwart""]","restriction","syn","constraint"
"Choose the synonym for 'construe'.","[""interpret"",""equivocal"",""gluttonous"",""emphasise""]","interpret","syn","construe"
"Choose the synonym for 'consume'.","[""chew the fat"",""devour"",""conscious"",""proclaim""]","devour","syn","consume"
"Choose the synonym for 'contagious'.","[""bemoan"",""infectious"",""cordial"",""wax""]","infectious","syn","contagious"
"Choose the synonym for 'contemptuous'.","[""scrupulous"",""thwart"",""twelfth"",""haughty""]","haughty","syn","contemptuous"
"Choose the synonym for 'contend'.","[""diagnose"",""hammock"",""argue"",""disused""]","argue","syn","contend"
"Choose the synonym for 'content'.","[""comforting"",""crucial"",""satisfied"",""inconsequential""]","satisfied","syn","content"
"Choose the synonym for 'contentious'.","[""smother"",""achieve"",""disputed"",""savage""]","disputed","syn","contentious"
"Choose the synonym for 'contest'.","[""dispassionate"",""veto"",""absolute"",""competition""]","competition","syn","contest"
"Choose the synonym for 'contorted'.","[""tepid"",""twisted"",""audience"",""overt""]","twisted","syn","contorted"
"Choose the synonym for 'contract'.","[""recognise"",""doltish"",""meadow"",""agreement""]","agreement","syn","contract"
"Choose the synonym for 'contradict'.","[""deny"",""immediately"",""foal"",""painstaking""]","deny","syn","contradict"
"Choose the synonym for 'contribute'.","[""extol"",""complaisant"",""donate"",""proxy""]","donate","syn","contribute"
"Choose the synonym for 'contrite'.","[""reckless"",""tenacious"",""probate"",""remorseful""]","remorseful","syn","contrite"
"Choose the synonym for 'contrition'.","[""proclaim"",""debacle"",""remorse"",""snivel""]","remorse","syn","contrition"
"Choose the synonym for 'contrived'.","[""genealogy"",""affront"",""plunder"",""artificial""]","artificial","syn","contrived"
"Choose the synonym for 'conundrum'.","[""riddle"",""forestall"",""hostile"",""arid""]","riddle","syn","conundrum"
"Choose the synonym for 'convenient'.","[""handy"",""abduct"",""lupine"",""moan""]","handy","syn","convenient"
"Choose the synonym for 'convert'.","[""transform"",""altruistic"",""hygienic"",""attempt""]","transform","syn","convert"
"Choose the synonym for 'convey'.","[""caricature"",""communicate"",""resentful"",""attempt""]","communicate","syn","convey"
"Choose the synonym for 'conveyor'.","[""belt"",""pare"",""loathsome"",""diminution""]","belt","syn","conveyor"
"Choose the synonym for 'convict'.","[""haughty"",""condemn"",""glum"",""frivolous""]","condemn","syn","convict"
"Choose the synonym for 'convince'.","[""persuade"",""coil"",""delineate"",""adamant""]","persuade","syn","convince"
"Choose the synonym for 'convoluted'.","[""complex"",""compile"",""cacophony"",""taciturn""]","complex","syn","convoluted"
"Choose the synonym for 'copious'.","[""molten"",""abundant"",""existence"",""husk""]","abundant","syn","copious"
"Choose the synonym for 'corpse'.","[""devour"",""remains"",""technophobe"",""inference""]","remains","syn","corpse"
"Choose the synonym for 'corroborate'.","[""rift"",""confirm"",""equipped"",""superficial""]","confirm","syn","corroborate"
"Choose the synonym for 'corrosive'.","[""physical"",""destructive"",""settee"",""canine""]","destructive","syn","corrosive"
"Choose the synonym for 'counterargument'.","[""rebuttal"",""extinction"",""divine"",""sequence""]","rebuttal","syn","counterargument"
"Choose the synonym for 'courageous'.","[""brave"",""snivel"",""gregarious"",""evidence""]","brave","syn","courageous"
"Choose the synonym for 'crass'.","[""adolescent"",""insensitive"",""salient"",""alert""]","insensitive","syn","crass"
"Choose the synonym for 'craving'.","[""criticise"",""urge"",""feral"",""equivocal""]","urge","syn","craving"
"Choose the synonym for 'credence'.","[""emulate"",""novice"",""acceptance"",""substantial""]","acceptance","syn","credence"
"Choose the synonym for 'credibility'.","[""hardy"",""trustworthiness"",""bickering"",""stationary""]","trustworthiness","syn","credibility"
"Choose the synonym for 'credible'.","[""expedient"",""believable"",""guarantee"",""epiphany""]","believable","syn","credible"
"Choose the synonym for 'credit'.","[""acclaim"",""prose"",""radiant"",""wary""]","acclaim","syn","credit"
"Choose the synonym for 'credulous'.","[""dour"",""gullible"",""extravagance"",""expel""]","gullible","syn","credulous"
"Choose the synonym for 'creek'.","[""acrid"",""diverse"",""thrive"",""stream""]","stream","syn","creek"
"Choose the synonym for 'criterion'.","[""standard"",""accolade"",""fleet"",""altercation""]","standard","syn","criterion"
"Choose the synonym for 'crucial'.","[""demean"",""doltish"",""vital"",""tease""]","vital","syn","crucial"
"Choose the synonym for 'cryptic'.","[""bolster"",""frigid"",""episodic"",""mysterious""]","mysterious","syn","cryptic"
"Choose the synonym for 'culpable'.","[""affluent"",""blameworthy"",""femininity"",""aphorism""]","blameworthy","syn","culpable"
"Choose the synonym for 'cultivate'.","[""tactful"",""elude"",""till"",""dwelling""]","till","syn","cultivate"
"Choose the synonym for 'cumbersome'.","[""revolve"",""awkward"",""ascendancy"",""audition""]","awkward","syn","cumbersome"
"Choose the synonym for 'cunning'.","[""porous"",""hamper"",""mumble"",""devious""]","devious","syn","cunning"
"Choose the synonym for 'curate'.","[""attached"",""dogmatic"",""equip"",""select""]","select","syn","curate"
"Choose the synonym for 'curb'.","[""errand"",""restrain"",""halt"",""adherent""]","restrain","syn","curb"
"Choose the synonym for 'curious'.","[""admission"",""inquisitive"",""allot"",""imbecile""]","inquisitive","syn","curious"
"Choose the synonym for 'cursory'.","[""affront"",""compile"",""brief"",""ovine""]","brief","syn","cursory"
"Choose the synonym for 'custodian'.","[""deterrent"",""ferocity"",""offend"",""keeper""]","keeper","syn","custodian"
"Choose the synonym for 'custom'.","[""demure"",""austerity"",""tradition"",""denounce""]","tradition","syn","custom"
"Choose the synonym for 'customary'.","[""usual"",""abode"",""affluent"",""fortitude""]","usual","syn","customary"
"Choose the synonym for 'cynic'.","[""aromatic"",""sceptic"",""pretentious"",""cohesive""]","sceptic","syn","cynic"
"Choose the synonym for 'dale'.","[""jury"",""valley"",""boon"",""condemn""]","valley","syn","dale"
"Choose the synonym for 'daring'.","[""bold"",""bargain"",""unsurpassed"",""ardour""]","bold","syn","daring"
"Choose the synonym for 'darn'.","[""desultory"",""intrigue"",""mend"",""admonish""]","mend","syn","darn"
"Choose the synonym for 'daunt'.","[""equine"",""coincide"",""submerge"",""deter""]","deter","syn","daunt"
"Choose the synonym for 'debacle'.","[""poise"",""succumb"",""dilapidated"",""fiasco""]","fiasco","syn","debacle"
"Choose the synonym for 'debate'.","[""argument"",""caution"",""buttress"",""thrive""]","argument","syn","debate"
"Choose the synonym for 'debilitate'.","[""weaken"",""confound"",""description"",""ascend""]","weaken","syn","debilitate"
"Choose the synonym for 'debrief'.","[""embellish"",""expunge"",""interrogate"",""cryptic""]","interrogate","syn","debrief"
"Choose the synonym for 'debris'.","[""precarious"",""diffident"",""rubble"",""euphemism""]","rubble","syn","debris"
"Choose the synonym for 'debunk'.","[""expose"",""ambulatory"",""obstinate"",""domestic""]","expose","syn","debunk"
"Choose the synonym for 'decadent'.","[""refrain"",""mediocre"",""according"",""profligate""]","profligate","syn","decadent"
"Choose the synonym for 'decency'.","[""courtesy"",""barren"",""ajar"",""abhorrent""]","courtesy","syn","decency"
"Choose the synonym for 'decipher'.","[""comparison"",""unravel"",""tint"",""occur""]","unravel","syn","decipher"
"Choose the synonym for 'decisive'.","[""disband"",""echelon"",""fatigue"",""resolute""]","resolute","syn","decisive"
"Choose the synonym for 'declare'.","[""populous"",""proclaim"",""impede"",""pique""]","proclaim","syn","declare"
"Choose the synonym for 'decline'.","[""mischievous"",""decrease"",""meadow"",""extract""]","decrease","syn","decline"
"Choose the synonym for 'decorum'.","[""dignity"",""dictate"",""bawl"",""crease""]","dignity","syn","decorum"
"Choose the synonym for 'decree'.","[""obedient"",""order"",""develop"",""wane""]","order","syn","decree"
"Choose the synonym for 'deduce'.","[""structure"",""conclude"",""yield"",""disinclination""]","conclude","syn","deduce"
"Choose the synonym for 'defame'.","[""sanguine"",""slander"",""hardy"",""fabricate""]","slander","syn","defame"
"Choose the synonym for 'deference'.","[""respect"",""evident"",""virtuous"",""lupine""]","respect","syn","deference"
"Choose the synonym for 'defiance'.","[""rebellion"",""euphonious"",""hindrance"",""analogy""]","rebellion","syn","defiance"
"Choose the synonym for 'defunct'.","[""obsolete"",""fester"",""tempestuous"",""accusatory""]","obsolete","syn","defunct"
"Choose the synonym for 'degenerate'.","[""famine"",""depraved"",""defy"",""deny""]","depraved","syn","degenerate"
"Choose the synonym for 'degrade'.","[""address"",""lower"",""hammock"",""physical""]","lower","syn","degrade"
"Choose the synonym for 'deject'.","[""dishearten"",""hind"",""cervine"",""adjourn""]","dishearten","syn","deject"
"Choose the synonym for 'delectable'.","[""diminish"",""congested"",""agreeable"",""granular""]","agreeable","syn","delectable"
"Choose the synonym for 'delightful'.","[""flora"",""charming"",""devise"",""immaterial""]","charming","syn","delightful"
"Choose the synonym for 'delineate'.","[""outline"",""chicanery"",""industrious"",""conducive""]","outline","syn","delineate"
"Choose the synonym for 'delirious'.","[""godsend"",""ecstatic"",""negligible"",""callous""]","ecstatic","syn","delirious"
"Choose the synonym for 'delude'.","[""poetry"",""anxious"",""deceive"",""extraordinary""]","deceive","syn","delude"
"Choose the synonym for 'deluge'.","[""beck"",""flood"",""sagacious"",""language""]","flood","syn","deluge"
"Choose the synonym for 'demeanour'.","[""deplore"",""disguise"",""dissent"",""manner""]","manner","syn","demeanour"
"Choose the synonym for 'demote'.","[""apt"",""downgrade"",""buttress"",""imitate""]","downgrade","syn","demote"
"Choose the synonym for 'denounce'.","[""gratuitous"",""genealogy"",""condemn"",""amateur""]","condemn","syn","denounce"
"Choose the synonym for 'deny'.","[""cache"",""perish"",""vanity"",""disown""]","disown","syn","deny"
"Choose the synonym for 'depict'.","[""myth"",""aversion"",""portray"",""aggressive""]","portray","syn","depict"
"Choose the synonym for 'deplore'.","[""demolished"",""caulk"",""lament"",""arouse""]","lament","syn","deplore"
"Choose the synonym for 'deploy'.","[""interfere"",""individual"",""employ"",""slit""]","employ","syn","deploy"
"Choose the synonym for 'deposit'.","[""trinket"",""payment"",""exemplify"",""mediocre""]","payment","syn","deposit"
"Choose the synonym for 'depot'.","[""condescension"",""warehouse"",""flimsy"",""euphoria""]","warehouse","syn","depot"
"Choose the synonym for 'depraved'.","[""interrupt"",""dingy"",""wicked"",""devout""]","wicked","syn","depraved"
"Choose the synonym for 'deprecate'.","[""disparage"",""brief"",""frivolous"",""contract""]","disparage","syn","deprecate"
"Choose the synonym for 'depressing'.","[""pique"",""forgo"",""blunt"",""gloomy""]","gloomy","syn","depressing"
"Choose the synonym for 'derail'.","[""dismay"",""club"",""hinder"",""shrewd""]","hinder","syn","derail"
"Choose the synonym for 'deranged'.","[""congenial"",""insane"",""baton"",""affluent""]","insane","syn","deranged"
"Choose the synonym for 'deride'.","[""mock"",""intentional"",""absolve"",""programme""]","mock","syn","deride"
"Choose the synonym for 'derision'.","[""embargo"",""peril"",""ridicule"",""certitude""]","ridicule","syn","derision"
"Choose the synonym for 'derisive'.","[""gregarious"",""disappointed"",""mocking"",""hygienic""]","mocking","syn","derisive"
"Choose the synonym for 'derivative'.","[""borrowed"",""placid"",""combination"",""hackneyed""]","borrowed","syn","derivative"
"Choose the synonym for 'description'.","[""uniform"",""account"",""concur"",""curate""]","account","syn","description"
"Choose the synonym for 'desecration'.","[""profanation"",""fester"",""snicker"",""adjourn""]","profanation","syn","desecration"
"Choose the synonym for 'desolate'.","[""bleak"",""approve"",""acquaint"",""stride""]","bleak","syn","desolate"
"Choose the synonym for 'despondent'.","[""dormant"",""disheartened"",""retreat"",""episodic""]","disheartened","syn","despondent"
"Choose the synonym for 'despot'.","[""cunning"",""incision"",""tyrant"",""convenient""]","tyrant","syn","despot"
"Choose the synonym for 'desultory'.","[""arrogance"",""correspond"",""haphazard"",""dynasty""]","haphazard","syn","desultory"
"Choose the synonym for 'detached'.","[""embargo"",""despicable"",""superfluous"",""aloof""]","aloof","syn","detached"
"Choose the synonym for 'detain'.","[""purpose"",""famished"",""restrain"",""anagram""]","restrain","syn","detain"
"Choose the synonym for 'determine'.","[""essence"",""afflict"",""decide"",""customary""]","decide","syn","determine"
"Choose the synonym for 'deterrent'.","[""fret"",""clement"",""hindrance"",""purloin""]","hindrance","syn","deterrent"
"Choose the synonym for 'detractors'.","[""profligate"",""congenial"",""critics"",""retreat""]","critics","syn","detractors"
"Choose the synonym for 'devious'.","[""cunning"",""invigorated"",""veteran"",""expunge""]","cunning","syn","devious"
"Choose the synonym for 'devise'.","[""exhaustive"",""loathe"",""compliment"",""invent""]","invent","syn","devise"
"Choose the synonym for 'devote'.","[""haste"",""deny"",""commit"",""authentic""]","commit","syn","devote"
"Choose the synonym for 'devour'.","[""crass"",""government"",""gulp"",""extinct""]","gulp","syn","devour"
"Choose the synonym for 'dexterous'.","[""artful"",""comparison"",""adept"",""epoch""]","adept","syn","dexterous"
"Choose the synonym for 'diabolical'.","[""enigmatic"",""apprentice"",""hind"",""devilish""]","devilish","syn","diabolical"
"Choose the synonym for 'diagnose'.","[""asset"",""recognise"",""submerge"",""culpable""]","recognise","syn","diagnose"
"Choose the synonym for 'diatribe'.","[""trivial"",""frequently"",""moan"",""tirade""]","tirade","syn","diatribe"
"Choose the synonym for 'diction'.","[""cryptic"",""wording"",""jury"",""prose""]","wording","syn","diction"
"Choose the synonym for 'diffident'.","[""timid"",""flawed"",""debris"",""vehicle""]","timid","syn","diffident"
"Choose the synonym for 'diffuse'.","[""diabolical"",""disperse"",""distasteful"",""trickle""]","disperse","syn","diffuse"
"Choose the synonym for 'digest'.","[""affluence"",""consume"",""lupine"",""curiosity""]","consume","syn","digest"
"Choose the synonym for 'digression'.","[""foundation"",""disseminate"",""aside"",""communicate""]","aside","syn","digression"
"Choose the synonym for 'dim'.","[""extrovert"",""faint"",""scruffy"",""congregate""]","faint","syn","dim"
"Choose the synonym for 'diminution'.","[""current"",""comrade"",""chew the fat"",""decrease""]","decrease","syn","diminution"
"Choose the synonym for 'disappointed'.","[""hustle"",""let down"",""inconsequential"",""congenial""]","let down","syn","disappointed"
"Choose the synonym for 'disband'.","[""dissolve"",""abundant"",""candidate"",""atmosphere""]","dissolve","syn","disband"
"Choose the synonym for 'discern'.","[""revolve"",""overt"",""decency"",""perceive""]","perceive","syn","discern"
"Choose the synonym for 'discontent'.","[""unhappiness"",""ferocious"",""jubilant"",""curb""]","unhappiness","syn","discontent"
"Choose the synonym for 'discreet'.","[""tactful"",""propel"",""subterranean"",""club""]","tactful","syn","discreet"
"Choose the synonym for 'discrepancy'.","[""inconsistency"",""probable"",""dais"",""artefact""]","inconsistency","syn","discrepancy"
"Choose the synonym for 'discretionary'.","[""vex"",""nauseous"",""shrewd"",""voluntary""]","voluntary","syn","discretionary"
"Choose the synonym for 'discriminating'.","[""forthcoming"",""exuberance"",""shrewd"",""absorbed""]","shrewd","syn","discriminating"
"Choose the synonym for 'discursive'.","[""hygienic"",""inference"",""rambling"",""cryptic""]","rambling","syn","discursive"
"Choose the synonym for 'disdain'.","[""devout"",""convince"",""dread"",""contempt""]","contempt","syn","disdain"
"Choose the synonym for 'dishearten'.","[""sacrifice"",""murine"",""discourage"",""mirage""]","discourage","syn","dishearten"
"Choose the synonym for 'disinclination'.","[""surmise"",""unwillingness"",""decrepit"",""comforting""]","unwillingness","syn","disinclination"
"Choose the synonym for 'disintegrate'.","[""peculiar"",""conspiracy"",""crumble"",""acquiescence""]","crumble","syn","disintegrate"
"Choose the synonym for 'disinterested'.","[""impartial"",""invigorated"",""evidence"",""incision""]","impartial","syn","disinterested"
"Choose the synonym for 'dismantle'.","[""disassemble"",""foresight"",""advice"",""company""]","disassemble","syn","dismantle"
"Choose the synonym for 'disparage'.","[""probable"",""belittle"",""melodious"",""bleak""]","belittle","syn","disparage"
"Choose the synonym for 'disparate'.","[""adversary"",""ambiguous"",""dissimilar"",""trifling""]","dissimilar","syn","disparate"
"Choose the synonym for 'disparity'.","[""rectify"",""assemble"",""inequality"",""inane""]","inequality","syn","disparity"
"Choose the synonym for 'dispassionate'.","[""composed"",""shuffle"",""famine"",""bias""]","composed","syn","dispassionate"
"Choose the synonym for 'dispel'.","[""banish"",""consideration"",""halt"",""leonine""]","banish","syn","dispel"
"Choose the synonym for 'dispense'.","[""mellow"",""achieve"",""distribute"",""stagnant""]","distribute","syn","dispense"
"Choose the synonym for 'disputatious'.","[""antithesis"",""contentious"",""gravely"",""drought""]","contentious","syn","disputatious"
"Choose the synonym for 'disseminate'.","[""folly"",""valour"",""cervine"",""broadcast""]","broadcast","syn","disseminate"
"Choose the synonym for 'dissent'.","[""shrewd"",""disagreement"",""guard"",""interfere""]","disagreement","syn","dissent"
"Choose the synonym for 'dissipate'.","[""crooked"",""chore"",""bereft"",""disperse""]","disperse","syn","dissipate"
"Choose the synonym for 'dissonance'.","[""depraved"",""habitable"",""discord"",""comforting""]","discord","syn","dissonance"
"Choose the synonym for 'dissuade'.","[""bane"",""deter"",""pioneer"",""consensus""]","deter","syn","dissuade"
"Choose the synonym for 'distant'.","[""abundance"",""emulate"",""far-off"",""embargo""]","far-off","syn","distant"
"Choose the synonym for 'distasteful'.","[""coincide"",""repulsive"",""feral"",""contentious""]","repulsive","syn","distasteful"
"Choose the synonym for 'distinct'.","[""profligate"",""clear"",""imitate"",""editor""]","clear","syn","distinct"
"Choose the synonym for 'distinguished'.","[""compel"",""nullify"",""trickle"",""eminent""]","eminent","syn","distinguished"
"Choose the synonym for 'distraction'.","[""anarchist"",""soldier"",""meadow"",""interruption""]","interruption","syn","distraction"
"Choose the synonym for 'disturbing'.","[""unsettling"",""poetry"",""gorge"",""scrupulous""]","unsettling","syn","disturbing"
"Choose the synonym for 'disused'.","[""ample"",""accustom"",""abandoned"",""disguise""]","abandoned","syn","disused"
"Choose the synonym for 'divergent'.","[""efface"",""differing"",""sole"",""salient""]","differing","syn","divergent"
"Choose the synonym for 'diverse'.","[""grotesque"",""tardy"",""approve"",""varied""]","varied","syn","diverse"
"Choose the synonym for 'divine'.","[""boon"",""scrupulous"",""heavenly"",""explicit""]","heavenly","syn","divine"
"Choose the synonym for 'doctrine'.","[""episodic"",""forbid"",""drought"",""teaching""]","teaching","syn","doctrine"
"Choose the synonym for 'dogmatic'.","[""assertive"",""opinionated"",""crucial"",""bemuse""]","opinionated","syn","dogmatic"
"Choose the synonym for 'dormant'.","[""futile"",""scalding"",""inactive"",""address""]","inactive","syn","dormant"
"Choose the synonym for 'dour'.","[""conveyor"",""frail"",""limp"",""gloomy""]","gloomy","syn","dour"
"Choose the synonym for 'doyen'.","[""veteran"",""chaos"",""shrewd"",""festivity""]","veteran","syn","doyen"
"Choose the synonym for 'drift'.","[""wander"",""shell"",""solitary"",""burden""]","wander","syn","drift"
"Choose the synonym for 'droll'.","[""amusing"",""profligate"",""dynasty"",""irate""]","amusing","syn","droll"
"Choose the synonym for 'dubious'.","[""doubtful"",""expanse"",""correspond"",""conscientious""]","doubtful","syn","dubious"
"Choose the synonym for 'dumb'.","[""embrace"",""mute"",""arbitrary"",""concise""]","mute","syn","dumb"
"Choose the synonym for 'duplicity'.","[""amend"",""perceive"",""deceit"",""facile""]","deceit","syn","duplicity"
"Choose the synonym for 'durable'.","[""long-lasting"",""exhort"",""defunct"",""covet""]","long-lasting","syn","durable"
"Choose the synonym for 'duration'.","[""bustling"",""length"",""impediment"",""meander""]","length","syn","duration"
"Choose the synonym for 'duress'.","[""deprecate"",""coercion"",""aphorism"",""shun""]","coercion","syn","duress"
"Choose the synonym for 'dutiful'.","[""obedient"",""dignify"",""conundrum"",""berate""]","obedient","syn","dutiful"
"Choose the synonym for 'dynasty'.","[""askance"",""flog"",""witty"",""lineage""]","lineage","syn","dynasty"
"Choose the synonym for 'earnest'.","[""demeanour"",""sincere"",""liable"",""ambulatory""]","sincere","syn","earnest"
"Choose the synonym for 'ebullient'.","[""sullen"",""bubbly"",""characterisation"",""evanescent""]","bubbly","syn","ebullient"
"Choose the synonym for 'echelon'.","[""snivel"",""criticise"",""elusive"",""rank""]","rank","syn","echelon"
"Choose the synonym for 'eclectic'.","[""affront"",""diverse"",""extract"",""dilate""]","diverse","syn","eclectic"
"Choose the synonym for 'eclipse'.","[""efface"",""slit"",""obscure"",""irate""]","obscure","syn","eclipse"
"Choose the synonym for 'edible'.","[""eatable"",""platonic"",""refute"",""deduct""]","eatable","syn","edible"
"Choose the synonym for 'editor'.","[""proofreader"",""insolent"",""boastful"",""grime""]","proofreader","syn","editor"
"Choose the synonym for 'efface'.","[""comprehend"",""margin"",""vicarious"",""erase""]","erase","syn","efface"
"Choose the synonym for 'efficacious'.","[""potent"",""censorious"",""creek"",""conveyor""]","potent","syn","efficacious"
"Choose the synonym for 'effigy'.","[""abominable"",""deprive"",""abhor"",""idol""]","idol","syn","effigy"
"Choose the synonym for 'effusion'.","[""absorbed"",""bedlam"",""outpouring"",""concede""]","outpouring","syn","effusion"
"Choose the synonym for 'egalitarian'.","[""fabricate"",""relish"",""inclusive"",""obscene""]","inclusive","syn","egalitarian"
"Choose the synonym for 'egotistical'.","[""hindrance"",""compile"",""characterisation"",""conceited""]","conceited","syn","egotistical"
"Choose the synonym for 'elated'.","[""jubilant"",""diabolical"",""credulous"",""depict""]","jubilant","syn","elated"
"Choose the synonym for 'elect'.","[""choose"",""derelict"",""corroborate"",""complement""]","choose","syn","elect"
"Choose the synonym for 'eloquent'.","[""articulate"",""interpret"",""deliberate"",""accuse""]","articulate","syn","eloquent"
"Choose the synonym for 'elusive'.","[""careering"",""emulate"",""hard to find"",""absurd""]","hard to find","syn","elusive"
"Choose the synonym for 'emanate'.","[""radiate"",""atlas"",""exhilarating"",""deduct""]","radiate","syn","emanate"
"Choose the synonym for 'embargo'.","[""identity"",""exhausted"",""ban"",""contemporary""]","ban","syn","embargo"
"Choose the synonym for 'embellish'.","[""boldness"",""hinder"",""exaggerate"",""toil""]","exaggerate","syn","embellish"
"Choose the synonym for 'embody'.","[""dread"",""equip"",""rhythm"",""personify""]","personify","syn","embody"
"Choose the synonym for 'embrace'.","[""dais"",""yacht"",""hug"",""accustom""]","hug","syn","embrace"
"Choose the synonym for 'embroil'.","[""jaded"",""entangle"",""government"",""flagrant""]","entangle","syn","embroil"
"Choose the synonym for 'eminent'.","[""linger"",""distinguished"",""prophecy"",""engrossed""]","distinguished","syn","eminent"
"Choose the synonym for 'empathy'.","[""exalt"",""restaurant"",""essence"",""compassion""]","compassion","syn","empathy"
"Choose the synonym for 'emphasis'.","[""granular"",""conspiracy"",""disinclination"",""importance""]","importance","syn","emphasis"
"Choose the synonym for 'emphasise'.","[""demote"",""berate"",""stress"",""amoral""]","stress","syn","emphasise"
"Choose the synonym for 'emphatic'.","[""crucial"",""commotion"",""forceful"",""divulge""]","forceful","syn","emphatic"
"Choose the synonym for 'employ'.","[""acrid"",""debris"",""harbour"",""engage""]","engage","syn","employ"
"Choose the synonym for 'emulate'.","[""bewildered"",""hackneyed"",""imitate"",""resentful""]","imitate","syn","emulate"
"Choose the synonym for 'enamour'.","[""scruffy"",""acrid"",""enchant"",""evaluation""]","enchant","syn","enamour"
"Choose the synonym for 'endorse'.","[""tactful"",""cavorting"",""despot"",""acclaim""]","acclaim","syn","endorse"
"Choose the synonym for 'engender'.","[""diligent"",""impudent"",""urban"",""provoke""]","provoke","syn","engender"
"Choose the synonym for 'engrossed'.","[""genial"",""sage"",""disappointed"",""absorbed""]","absorbed","syn","engrossed"
"Choose the synonym for 'enigmatic'.","[""cryptic"",""droll"",""succumb"",""adversity""]","cryptic","syn","enigmatic"
"Choose the synonym for 'enormous'.","[""credit"",""grate"",""exquisite"",""vast""]","vast","syn","enormous"
"Choose the synonym for 'enthralling'.","[""caption"",""captivating"",""evanescent"",""rectify""]","captivating","syn","enthralling"
"Choose the synonym for 'enthusiast'.","[""diligent"",""dwelling"",""contrast"",""fan""]","fan","syn","enthusiast"
"Choose the synonym for 'entice'.","[""acrid"",""tempt"",""deluge"",""stern""]","tempt","syn","entice"
"Choose the synonym for 'entreat'.","[""article"",""virtuous"",""implore"",""affinity""]","implore","syn","entreat"
"Choose the synonym for 'enumerate'.","[""convoluted"",""list"",""cache"",""expedite""]","list","syn","enumerate"
"Choose the synonym for 'envisage'.","[""cursory"",""contemporary"",""pare"",""visualise""]","visualise","syn","envisage"
"Choose the synonym for 'ephemeral'.","[""short-lived"",""embargo"",""fraudulent"",""amorphous""]","short-lived","syn","ephemeral"
"Choose the synonym for 'epic'.","[""imposing"",""disband"",""campaign"",""twine""]","imposing","syn","epic"
"Choose the synonym for 'epiphany'.","[""derision"",""fatal"",""nimble"",""revelation""]","revelation","syn","epiphany"
"Choose the synonym for 'episodic'.","[""conferred"",""opulent"",""submissive"",""fragmentary""]","fragmentary","syn","episodic"
"Choose the synonym for 'epoch'.","[""stalwart"",""deject"",""era"",""cynic""]","era","syn","epoch"
"Choose the synonym for 'equanimity'.","[""blot"",""composure"",""melancholy"",""intrepid""]","composure","syn","equanimity"
"Choose the synonym for 'equivocal'.","[""subtle"",""empathy"",""ambiguous"",""apprehend""]","ambiguous","syn","equivocal"
"Choose the synonym for 'era'.","[""charitable"",""epoch"",""solace"",""stride""]","epoch","syn","era"
"Choose the synonym for 'erasable'.","[""whimper"",""whisper"",""removable"",""curiosity""]","removable","syn","erasable"
"Choose the synonym for 'erect'.","[""forsake"",""poetry"",""upright"",""adulation""]","upright","syn","erect"
"Choose the synonym for 'erratic'.","[""flout"",""unpredictable"",""devise"",""personification""]","unpredictable","syn","erratic"
"Choose the synonym for 'erroneous'.","[""deprive"",""mistaken"",""equivocal"",""collude""]","mistaken","syn","erroneous"
"Choose the synonym for 'erudite'.","[""deduce"",""learned"",""paltry"",""embody""]","learned","syn","erudite"
"Choose the synonym for 'esoteric'.","[""chaos"",""abstruse"",""connoisseur"",""intrepid""]","abstruse","syn","esoteric"
"Choose the synonym for 'espouse'.","[""painstaking"",""austerity"",""criterion"",""endorse""]","endorse","syn","espouse"
"Choose the synonym for 'essence'.","[""deluge"",""core"",""trickle"",""smug""]","core","syn","essence"
"Choose the synonym for 'esteem'.","[""respect"",""submerge"",""forthright"",""dopey""]","respect","syn","esteem"
"Choose the synonym for 'estimate'.","[""controversy"",""regal"",""elongate"",""gauge""]","gauge","syn","estimate"
"Choose the synonym for 'ethereal'.","[""wholesome"",""hapless"",""vulgar"",""delicate""]","delicate","syn","ethereal"
"Choose the synonym for 'eulogy'.","[""desolate"",""exquisite"",""tribute"",""amoral""]","tribute","syn","eulogy"
"Choose the synonym for 'euphemism'.","[""substitution"",""imagery"",""amusing"",""defame""]","substitution","syn","euphemism"
"Choose the synonym for 'euphonious'.","[""condescension"",""dumb"",""harmonious"",""futile""]","harmonious","syn","euphonious"
"Choose the synonym for 'euphoria'.","[""elation"",""censure"",""comparison"",""banish""]","elation","syn","euphoria"
"Choose the synonym for 'evacuate'.","[""ascent"",""cryptic"",""adversary"",""clear""]","clear","syn","evacuate"
"Choose the synonym for 'evanescent'.","[""granular"",""porcine"",""resort to"",""brief""]","brief","syn","evanescent"
"Choose the synonym for 'evolve'.","[""develop"",""acerbic"",""adequate"",""atlas""]","develop","syn","evolve"
"Choose the synonym for 'exacerbate'.","[""hind"",""aggravate"",""chaos"",""farce""]","aggravate","syn","exacerbate"
"Choose the synonym for 'exacting'.","[""meticulous"",""boon"",""indolent"",""apt""]","meticulous","syn","exacting"
"Choose the synonym for 'exalt'.","[""clandestine"",""glitter"",""flippant"",""praise""]","praise","syn","exalt"
"Choose the synonym for 'exciting'.","[""thrilling"",""virtue"",""abundance"",""vowel""]","thrilling","syn","exciting"
"Choose the synonym for 'exemplary'.","[""model"",""dispassionate"",""attempt"",""vulgar""]","model","syn","exemplary"
"Choose the synonym for 'exemplify'.","[""illustrate"",""devote"",""trinket"",""pronunciation""]","illustrate","syn","exemplify"
"Choose the synonym for 'exempt'.","[""bawl"",""superfluous"",""free"",""jeer""]","free","syn","exempt"
"Choose the synonym for 'exhaustive'.","[""flawed"",""thorough"",""discriminating"",""mobile""]","thorough","syn","exhaustive"
"Choose the synonym for 'exhilarating'.","[""deter"",""invigorating"",""errand"",""abridge""]","invigorating","syn","exhilarating"
"Choose the synonym for 'exhort'.","[""effigy"",""conferred"",""revolve"",""urge""]","urge","syn","exhort"
"Choose the synonym for 'exonerate'.","[""resentful"",""virtue"",""absolve"",""diabolical""]","absolve","syn","exonerate"
"Choose the synonym for 'expanse'.","[""darn"",""deceit"",""notion"",""stretch""]","stretch","syn","expanse"
"Choose the synonym for 'expedient'.","[""disclose"",""suitable"",""probable"",""fund""]","suitable","syn","expedient"
"Choose the synonym for 'expedite'.","[""cuisine"",""distasteful"",""description"",""hasten""]","hasten","syn","expedite"
"Choose the synonym for 'expel'.","[""favourable"",""banish"",""bruise"",""sturdy""]","banish","syn","expel"
"Choose the synonym for 'expense'.","[""exile"",""unkempt"",""viscous"",""cost""]","cost","syn","expense"
"Choose the synonym for 'expert'.","[""distant"",""specialist"",""absolute"",""kindle""]","specialist","syn","expert"
"Choose the synonym for 'explicit'.","[""muscle"",""clear"",""extol"",""community""]","clear","syn","explicit"
"Choose the synonym for 'expository'.","[""dispute"",""explanatory"",""daring"",""extraneous""]","explanatory","syn","expository"
"Choose the synonym for 'expunge'.","[""adversity"",""darn"",""froth"",""erase""]","erase","syn","expunge"
"Choose the synonym for 'exquisite'.","[""covert"",""cavorting"",""immaculate"",""celestial""]","immaculate","syn","exquisite"
"Choose the synonym for 'extended'.","[""prolonged"",""deposit"",""pensive"",""cliché""]","prolonged","syn","extended"
"Choose the synonym for 'extol'.","[""anarchist"",""occur"",""assertive"",""acclaim""]","acclaim","syn","extol"
"Choose the synonym for 'extract'.","[""calamity"",""acquire"",""remove"",""apprise""]","remove","syn","extract"
"Choose the synonym for 'extraneous'.","[""assortment"",""superfluous"",""provoke"",""ignite""]","superfluous","syn","extraneous"
"Choose the synonym for 'extraordinary'.","[""grieve"",""apprentice"",""boastful"",""remarkable""]","remarkable","syn","extraordinary"
"Choose the synonym for 'extricate'.","[""timid"",""frightful"",""free"",""banal""]","free","syn","extricate"
"Choose the synonym for 'extrovert'.","[""outgoing"",""lenient"",""collude"",""prohibit""]","outgoing","syn","extrovert"
"Choose the synonym for 'exuberance'.","[""dale"",""era"",""passive"",""enthusiasm""]","enthusiasm","syn","exuberance"
"Choose the synonym for 'fabricate'.","[""concoct"",""demure"",""droll"",""limp""]","concoct","syn","fabricate"
"Choose the synonym for 'facade'.","[""perplexed"",""famished"",""mist"",""outer face""]","outer face","syn","facade"
"Choose the synonym for 'fact'.","[""exile"",""cease"",""charismatic"",""truth""]","truth","syn","fact"
"Choose the synonym for 'faint'.","[""vapour"",""feeble"",""cavorting"",""amend""]","feeble","syn","faint"
"Choose the synonym for 'fallacious'.","[""mistaken"",""culpable"",""deprecate"",""delirious""]","mistaken","syn","fallacious"
"Choose the synonym for 'falter'.","[""staunch"",""reckless"",""committee"",""waver""]","waver","syn","falter"
"Choose the synonym for 'fanaticism'.","[""decree"",""appetising"",""zealotry"",""rectify""]","zealotry","syn","fanaticism"
"Choose the synonym for 'farce'.","[""finesse"",""vend"",""comedy"",""frugal""]","comedy","syn","farce"
"Choose the synonym for 'fastidious'.","[""extraneous"",""inane"",""meticulous"",""expert""]","meticulous","syn","fastidious"
"Choose the synonym for 'fateful'.","[""alleviate"",""effigy"",""crucial"",""aspiration""]","crucial","syn","fateful"
"Choose the synonym for 'fathom'.","[""comprehend"",""detractors"",""fervour"",""cathartic""]","comprehend","syn","fathom"
"Choose the synonym for 'fatuous'.","[""absurd"",""yield"",""besotted"",""elude""]","absurd","syn","fatuous"
"Choose the synonym for 'feasible'.","[""possible"",""fraught"",""comparison"",""liable""]","possible","syn","feasible"
"Choose the synonym for 'feckless'.","[""equine"",""derelict"",""adversity"",""careless""]","careless","syn","feckless"
"Choose the synonym for 'femininity'.","[""coerce"",""womanliness"",""fertile"",""appeal""]","womanliness","syn","femininity"
"Choose the synonym for 'feral'.","[""fertile"",""variety"",""comical"",""wild""]","wild","syn","feral"
"Choose the synonym for 'ferocity'.","[""fury"",""demolish"",""blunt"",""achieve""]","fury","syn","ferocity"
"Choose the synonym for 'fervour'.","[""slander"",""gauge"",""ardour"",""hammock""]","ardour","syn","fervour"
"Choose the synonym for 'festivity'.","[""celebration"",""boastful"",""caption"",""determine""]","celebration","syn","festivity"
"Choose the synonym for 'fiasco'.","[""disarray"",""attest"",""debacle"",""technophobe""]","debacle","syn","fiasco"
"Choose the synonym for 'finesse'.","[""stingy"",""enigmatic"",""subtlety"",""admirable""]","subtlety","syn","finesse"
"Choose the synonym for 'flagrant'.","[""glaring"",""adherent"",""bane"",""isolation""]","glaring","syn","flagrant"
"Choose the synonym for 'flattering'.","[""deduce"",""permeate"",""exhort"",""complimentary""]","complimentary","syn","flattering"
"Choose the synonym for 'flawed'.","[""consume"",""savvy"",""faulty"",""aggressive""]","faulty","syn","flawed"
"Choose the synonym for 'flawless'.","[""twine"",""feline"",""immaculate"",""cuisine""]","immaculate","syn","flawless"
"Choose the synonym for 'flee'.","[""deceive"",""escape"",""retreat"",""flora""]","escape","syn","flee"
"Choose the synonym for 'flimsy'.","[""slit"",""fragile"",""famished"",""pinnacle""]","fragile","syn","flimsy"
"Choose the synonym for 'flippant'.","[""squander"",""copious"",""deluge"",""frivolous""]","frivolous","syn","flippant"
"Choose the synonym for 'flora'.","[""astounding"",""vegetation"",""despair"",""opportunity""]","vegetation","syn","flora"
"Choose the synonym for 'florid'.","[""intricate"",""distress"",""bellicose"",""flowery""]","flowery","syn","florid"
"Choose the synonym for 'flout'.","[""ancient"",""defy"",""seize"",""glut""]","defy","syn","flout"
"Choose the synonym for 'foal'.","[""replete"",""porous"",""juvenile"",""colt""]","colt","syn","foal"
"Choose the synonym for 'foolhardy'.","[""criticise"",""caption"",""fraught"",""reckless""]","reckless","syn","foolhardy"
"Choose the synonym for 'forbid'.","[""immediately"",""shoulder"",""conflagration"",""prohibit""]","prohibit","syn","forbid"
"Choose the synonym for 'forecast'.","[""prediction"",""excellent"",""congenial"",""tease""]","prediction","syn","forecast"
"Choose the synonym for 'foremost'.","[""leading"",""abduct"",""empire"",""tally""]","leading","syn","foremost"
"Choose the synonym for 'foreshadow'.","[""temperature"",""memoir"",""symbol"",""suggest""]","suggest","syn","foreshadow"
"Choose the synonym for 'foresight'.","[""vision"",""husk"",""committee"",""ascendancy""]","vision","syn","foresight"
"Choose the synonym for 'forestall'.","[""fret"",""conceal"",""conciliatory"",""prevent""]","prevent","syn","forestall"
"Choose the synonym for 'forge'.","[""shape"",""sacrifice"",""crease"",""physical""]","shape","syn","forge"
"Choose the synonym for 'formidable'.","[""adversity"",""elude"",""daunting"",""extinction""]","daunting","syn","formidable"
"Choose the synonym for 'forsake'.","[""abandon"",""covet"",""vital"",""shuffle""]","abandon","syn","forsake"
"Choose the synonym for 'forthcoming'.","[""lenient"",""idiosyncrasy"",""aversion"",""upcoming""]","upcoming","syn","forthcoming"
"Choose the synonym for 'forthright'.","[""awry"",""innocuous"",""candid"",""garrulous""]","candid","syn","forthright"
"Choose the synonym for 'fortuitous'.","[""diminution"",""artisan"",""condone"",""accidental""]","accidental","syn","fortuitous"
"Choose the synonym for 'foster'.","[""bane"",""bland"",""nurture"",""vehicle""]","nurture","syn","foster"
"Choose the synonym for 'foundation'.","[""basis"",""frantic"",""interrogate"",""disturbing""]","basis","syn","foundation"
"Choose the synonym for 'fragment'.","[""sage"",""piece"",""sermon"",""probation""]","piece","syn","fragment"
"Choose the synonym for 'frail'.","[""detrimental"",""feeble"",""extol"",""obtuse""]","feeble","syn","frail"
"Choose the synonym for 'frantic'.","[""clement"",""bovine"",""hasty"",""salient""]","hasty","syn","frantic"
"Choose the synonym for 'fraudulent'.","[""adverse"",""crooked"",""brisk"",""sanction""]","crooked","syn","fraudulent"
"Choose the synonym for 'frequent'.","[""haughty"",""extrovert"",""environment"",""constant""]","constant","syn","frequent"
"Choose the synonym for 'frightful'.","[""terrible"",""inconspicuous"",""provoke"",""harrowing""]","terrible","syn","frightful"
"Choose the synonym for 'fulfilled'.","[""content"",""flog"",""burgeon"",""astonishment""]","content","syn","fulfilled"
"Choose the synonym for 'fund'.","[""gregarious"",""cavorting"",""money"",""dazzling""]","money","syn","fund"
"Choose the synonym for 'furnish'.","[""equip"",""howl"",""amend"",""bland""]","equip","syn","furnish"
"Choose the synonym for 'furtive'.","[""secret"",""splendid"",""commence"",""connotation""]","secret","syn","furtive"
"Choose the synonym for 'gallant'.","[""ascent"",""dishearten"",""brave"",""complement""]","brave","syn","gallant"
"Choose the synonym for 'galvanise'.","[""facilitate"",""throng"",""accusatory"",""motivate""]","motivate","syn","galvanise"
"Choose the synonym for 'garbled'.","[""deduce"",""secretary"",""confused"",""appreciate""]","confused","syn","garbled"
"Choose the synonym for 'garment'.","[""irritate"",""dress"",""credit"",""debut""]","dress","syn","garment"
"Choose the synonym for 'garrulous'.","[""cache"",""chatty"",""identity"",""imperative""]","chatty","syn","garrulous"
"Choose the synonym for 'gauge'.","[""estimate"",""equine"",""exhausted"",""variety""]","estimate","syn","gauge"
"Choose the synonym for 'genealogy'.","[""frail"",""discordant"",""family tree"",""flattering""]","family tree","syn","genealogy"
"Choose the synonym for 'genre'.","[""category"",""dismay"",""mediocre"",""evident""]","category","syn","genre"
"Choose the synonym for 'genteel'.","[""brooding"",""language"",""mischievous"",""polite""]","polite","syn","genteel"
"Choose the synonym for 'gentility'.","[""depraved"",""obsolete"",""politeness"",""wavy""]","politeness","syn","gentility"
"Choose the synonym for 'glimpse'.","[""glance"",""dispense"",""certitude"",""language""]","glance","syn","glimpse"
"Choose the synonym for 'glutton'.","[""gourmand"",""florid"",""awkward"",""blasphemy""]","gourmand","syn","glutton"
"Choose the synonym for 'gluttonous'.","[""hinder"",""ravenous"",""queasy"",""majestic""]","ravenous","syn","gluttonous"
"Choose the synonym for 'goaded'.","[""negligible"",""exacting"",""relish"",""provoked""]","provoked","syn","goaded"
"Choose the synonym for 'gorge'.","[""steadfast"",""convey"",""godsend"",""devour""]","devour","syn","gorge"
"Choose the synonym for 'gracious'.","[""courteous"",""rupture"",""voluntary"",""contemptuous""]","courteous","syn","gracious"
"Choose the synonym for 'grandeur'.","[""exuberance"",""bovine"",""pique"",""splendour""]","splendour","syn","grandeur"
"Choose the synonym for 'grandiose'.","[""strenuous"",""overblown"",""club"",""midst""]","overblown","syn","grandiose"
"Choose the synonym for 'granular'.","[""subordinate"",""grainy"",""equip"",""benevolent""]","grainy","syn","granular"
"Choose the synonym for 'grate'.","[""irritate"",""foreshadow"",""nebulous"",""imbecile""]","irritate","syn","grate"
"Choose the synonym for 'gratuitous'.","[""chameleon"",""legend"",""unnecessary"",""habitat""]","unnecessary","syn","gratuitous"
"Choose the synonym for 'gravity'.","[""trifling"",""seriousness"",""eclectic"",""credence""]","seriousness","syn","gravity"
"Choose the synonym for 'grievance'.","[""smirk"",""degenerate"",""caulk"",""discontent""]","discontent","syn","grievance"
"Choose the synonym for 'gripe'.","[""whine"",""affable"",""filth"",""devour""]","whine","syn","gripe"
"Choose the synonym for 'grotto'.","[""embrace"",""determine"",""cave"",""harmonious""]","cave","syn","grotto"
"Choose the synonym for 'grudge'.","[""indolent"",""animosity"",""duration"",""whisper""]","animosity","syn","grudge"
"Choose the synonym for 'gruelling'.","[""avoid"",""archaic"",""exhausting"",""discretionary""]","exhausting","syn","gruelling"
"Choose the synonym for 'guard'.","[""absorbed"",""imagery"",""protect"",""vulgar""]","protect","syn","guard"
"Choose the synonym for 'guffaw'.","[""articulate"",""cackle"",""compliment"",""detached""]","cackle","syn","guffaw"
"Choose the synonym for 'guile'.","[""connotation"",""axiom"",""deranged"",""deceit""]","deceit","syn","guile"
"Choose the synonym for 'guttural'.","[""dexterous"",""fraught"",""affluence"",""throaty""]","throaty","syn","guttural"
"Choose the synonym for 'habitable'.","[""abominable"",""liveable"",""evident"",""lofty""]","liveable","syn","habitable"
"Choose the synonym for 'habitat'.","[""environment"",""credibility"",""droll"",""decency""]","environment","syn","habitat"
"Choose the synonym for 'habitually'.","[""relevant"",""dormant"",""usually"",""brawn""]","usually","syn","habitually"
"Choose the synonym for 'hackneyed'.","[""extravagance"",""overused"",""foil"",""enmity""]","overused","syn","hackneyed"
"Choose the synonym for 'hallowed'.","[""pigment"",""sacred"",""fragment"",""contrition""]","sacred","syn","hallowed"
"Choose the synonym for 'halt'.","[""implore"",""bawl"",""cease"",""elementary""]","cease","syn","halt"
"Choose the synonym for 'haphazard'.","[""decrepit"",""heinous"",""careless"",""crass""]","careless","syn","haphazard"
"Choose the synonym for 'hardy'.","[""turbulent"",""lament"",""devote"",""tough""]","tough","syn","hardy"
"Choose the synonym for 'harmonious'.","[""attentive"",""frail"",""agreeable"",""sedate""]","agreeable","syn","harmonious"
"Choose the synonym for 'harrowing'.","[""distressing"",""acquire"",""exhausted"",""company""]","distressing","syn","harrowing"
"Choose the synonym for 'haste'.","[""hurry"",""lout"",""canine"",""tint""]","hurry","syn","haste"
"Choose the synonym for 'havoc'.","[""feckless"",""lofty"",""damage"",""midst""]","damage","syn","havoc"
"Choose the synonym for 'hearth'.","[""molten"",""fireside"",""solitary"",""accustom""]","fireside","syn","hearth"
"Choose the synonym for 'heartless'.","[""according"",""consideration"",""cruel"",""bleak""]","cruel","syn","heartless"
"Choose the synonym for 'hedonist'.","[""avoid"",""pleasure-seeker"",""humorous"",""endorse""]","pleasure-seeker","syn","hedonist"
"Choose the synonym for 'heeding'.","[""intrinsic"",""obeying"",""mobile"",""grandeur""]","obeying","syn","heeding"
"Choose the synonym for 'heedless'.","[""irrelevant"",""complaisant"",""reckless"",""baleful""]","reckless","syn","heedless"
"Choose the synonym for 'heresy'.","[""defiance"",""parsimony"",""hybrid"",""dissent""]","dissent","syn","heresy"
"Choose the synonym for 'heroic'.","[""imbalance"",""courageous"",""asset"",""censure""]","courageous","syn","heroic"
"Choose the synonym for 'hiatus'.","[""panache"",""grotesque"",""inference"",""pause""]","pause","syn","hiatus"
"Choose the synonym for 'hierarchy'.","[""ranking"",""prejudice"",""genre"",""precedent""]","ranking","syn","hierarchy"
"Choose the synonym for 'hilarious'.","[""conscious"",""amusing"",""factual"",""mesmerise""]","amusing","syn","hilarious"
"Choose the synonym for 'hinge'.","[""joint"",""hiatus"",""belligerent"",""apprise""]","joint","syn","hinge"
"Choose the synonym for 'hoard'.","[""dour"",""cache"",""protagonist"",""pique""]","cache","syn","hoard"
"Choose the synonym for 'homogeneous'.","[""hedonist"",""ramble"",""uniform"",""brusque""]","uniform","syn","homogeneous"
"Choose the synonym for 'homograph'.","[""lookalike"",""thrive"",""goaded"",""decency""]","lookalike","syn","homograph"
"Choose the synonym for 'homophone'.","[""soundalike"",""oppress"",""paltry"",""affinity""]","soundalike","syn","homophone"
"Choose the synonym for 'hone'.","[""wretched"",""sharpen"",""intermittently"",""fatal""]","sharpen","syn","hone"
"Choose the synonym for 'hoof'.","[""confer"",""horse's foot"",""diction"",""affinity""]","horse's foot","syn","hoof"
"Choose the synonym for 'horrendous'.","[""bellicose"",""device"",""atrocious"",""fragment""]","atrocious","syn","horrendous"
"Choose the synonym for 'hospitable'.","[""riveting"",""community"",""welcoming"",""infamous""]","welcoming","syn","hospitable"
"Choose the synonym for 'hostility'.","[""credence"",""agreeable"",""enmity"",""conveyor""]","enmity","syn","hostility"
"Choose the synonym for 'hubris'.","[""empathy"",""impartial"",""arrogance"",""incline""]","arrogance","syn","hubris"
"Choose the synonym for 'hue'.","[""prophetic"",""tint"",""idle"",""aptitude""]","tint","syn","hue"
"Choose the synonym for 'humane'.","[""conceive"",""compassionate"",""irresistible"",""haughty""]","compassionate","syn","humane"
"Choose the synonym for 'humble'.","[""clandestine"",""instructive"",""modest"",""juxtapose""]","modest","syn","humble"
"Choose the synonym for 'humorous'.","[""article"",""funny"",""infuse"",""simile""]","funny","syn","humorous"
"Choose the synonym for 'hybrid'.","[""gregarious"",""courageous"",""emphasis"",""cross""]","cross","syn","hybrid"
"Choose the synonym for 'hyperbole'.","[""meticulous"",""exaggeration"",""mobile"",""clemency""]","exaggeration","syn","hyperbole"
"Choose the synonym for 'hypocritical'.","[""whine"",""extravagance"",""insincere"",""disband""]","insincere","syn","hypocritical"
"Choose the synonym for 'hypothetical'.","[""liable"",""predilection"",""anguish"",""theoretical""]","theoretical","syn","hypothetical"
"Choose the synonym for 'idiom'.","[""pleasing"",""squander"",""rift"",""expression""]","expression","syn","idiom"
"Choose the synonym for 'idle'.","[""obscene"",""complaisant"",""dutiful"",""lazy""]","lazy","syn","idle"
"Choose the synonym for 'idol'.","[""margin"",""ignorant"",""acquire"",""star""]","star","syn","idol"
"Choose the synonym for 'idyllic'.","[""bedlam"",""guttural"",""aesthetic"",""charming""]","charming","syn","idyllic"
"Choose the synonym for 'illicit'.","[""constraint"",""unlawful"",""exacting"",""creek""]","unlawful","syn","illicit"
"Choose the synonym for 'illuminate'.","[""incentive"",""disinterested"",""oblique"",""light""]","light","syn","illuminate"
"Choose the synonym for 'illusory'.","[""false"",""desecration"",""charitable"",""evaluate""]","false","syn","illusory"
"Choose the synonym for 'imbalance'.","[""yearn"",""disparity"",""vanity"",""introspective""]","disparity","syn","imbalance"
"Choose the synonym for 'imbroglio'.","[""yearn"",""vapour"",""affirmation"",""dispute""]","dispute","syn","imbroglio"
"Choose the synonym for 'imminent'.","[""predator"",""deplore"",""forthcoming"",""caulk""]","forthcoming","syn","imminent"
"Choose the synonym for 'immoral'.","[""fragrant"",""constant"",""wicked"",""emerge""]","wicked","syn","immoral"
"Choose the synonym for 'immutable'.","[""naive"",""proficient"",""malady"",""unchangeable""]","unchangeable","syn","immutable"
"Choose the synonym for 'impassive'.","[""emotionless"",""overt"",""interfere"",""hilarious""]","emotionless","syn","impassive"
"Choose the synonym for 'impeccable'.","[""consideration"",""habitable"",""flawless"",""clandestine""]","flawless","syn","impeccable"
"Choose the synonym for 'impecunious'.","[""pacify"",""inattentive"",""penniless"",""dispense""]","penniless","syn","impecunious"
"Choose the synonym for 'impel'.","[""propel"",""insurgent"",""jubilant"",""exonerate""]","propel","syn","impel"
"Choose the synonym for 'imperceptible'.","[""characterisation"",""declare"",""undetectable"",""scoff""]","undetectable","syn","imperceptible"
"Choose the synonym for 'impermeable'.","[""waterproof"",""scanty"",""erratic"",""digest""]","waterproof","syn","impermeable"
"Choose the synonym for 'impetuous'.","[""hasty"",""mundane"",""petty"",""courageous""]","hasty","syn","impetuous"
"Choose the synonym for 'impinge'.","[""adhere"",""peculiar"",""interfere"",""embrace""]","interfere","syn","impinge"
"Choose the synonym for 'implausible'.","[""regal"",""fervour"",""far-fetched"",""matte""]","far-fetched","syn","implausible"
"Choose the synonym for 'implement'.","[""nebulous"",""hybrid"",""carry out"",""penchant""]","carry out","syn","implement"
"Choose the synonym for 'implicate'.","[""shack"",""accuse"",""invaluable"",""notoriety""]","accuse","syn","implicate"
"Choose the synonym for 'implicitly'.","[""construe"",""indirectly"",""expense"",""mystify""]","indirectly","syn","implicitly"
"Choose the synonym for 'impose'.","[""foundation"",""doltish"",""compel"",""taut""]","compel","syn","impose"
"Choose the synonym for 'impoverished'.","[""destitute"",""conundrum"",""especially"",""appeal""]","destitute","syn","impoverished"
"Choose the synonym for 'imprecise'.","[""inexact"",""comprehensive"",""gravely"",""foremost""]","inexact","syn","imprecise"
"Choose the synonym for 'impregnated'.","[""intermittently"",""pregnant"",""opaque"",""perpetual""]","pregnant","syn","impregnated"
"Choose the synonym for 'impromptu'.","[""unplanned"",""intermittent"",""grudge"",""maverick""]","unplanned","syn","impromptu"
"Choose the synonym for 'improvisation'.","[""exacting"",""invention"",""investigate"",""gratifying""]","invention","syn","improvisation"
"Choose the synonym for 'imprudent'.","[""individual"",""unwise"",""thwart"",""boastful""]","unwise","syn","imprudent"
"Choose the synonym for 'inaccurate'.","[""erroneous"",""indolent"",""royal"",""duress""]","erroneous","syn","inaccurate"
"Choose the synonym for 'inadequate'.","[""deficient"",""profess"",""trivial"",""foster""]","deficient","syn","inadequate"
"Choose the synonym for 'inadvertently'.","[""contrite"",""desolate"",""accidentally"",""imagery""]","accidentally","syn","inadvertently"
"Choose the synonym for 'inattentive'.","[""heedless"",""grotto"",""eccentric"",""occupy""]","heedless","syn","inattentive"
"Choose the synonym for 'inaudible'.","[""faint"",""haughty"",""signature"",""sway""]","faint","syn","inaudible"
"Choose the synonym for 'incense'.","[""fragrance"",""taciturn"",""resonate"",""erasable""]","fragrance","syn","incense"
"Choose the synonym for 'incentive'.","[""inaudible"",""pitfall"",""motivation"",""frugal""]","motivation","syn","incentive"
"Choose the synonym for 'incessant'.","[""investigate"",""constant"",""cacophony"",""dishearten""]","constant","syn","incessant"
"Choose the synonym for 'incidental'.","[""inaugural"",""tone"",""accidental"",""peddle""]","accidental","syn","incidental"
"Choose the synonym for 'incisive'.","[""fluctuate"",""potent"",""gleeful"",""astute""]","astute","syn","incisive"
"Choose the synonym for 'incite'.","[""malicious"",""provoke"",""appetising"",""faux""]","provoke","syn","incite"
"Choose the synonym for 'incline'.","[""avowed"",""lean"",""egalitarian"",""bane""]","lean","syn","incline"
"Choose the synonym for 'inclusive'.","[""pompous"",""comprehensive"",""femininity"",""intermittently""]","comprehensive","syn","inclusive"
"Choose the synonym for 'incoherent'.","[""nonsensical"",""resentful"",""incessant"",""abhorrent""]","nonsensical","syn","incoherent"
"Choose the synonym for 'incongruous'.","[""digest"",""plump"",""luminous"",""clashing""]","clashing","syn","incongruous"
"Choose the synonym for 'inconsolable'.","[""desolate"",""profit"",""laconic"",""intractable""]","desolate","syn","inconsolable"
"Choose the synonym for 'incontrovertible'.","[""credence"",""formidable"",""undeniable"",""compliment""]","undeniable","syn","incontrovertible"
"Choose the synonym for 'incorrigible'.","[""unreformable"",""conducive"",""pervasive"",""boisterous""]","unreformable","syn","incorrigible"
"Choose the synonym for 'incumbent'.","[""dormant"",""duress"",""office-bearer"",""grieve""]","office-bearer","syn","incumbent"
"Choose the synonym for 'incurable'.","[""unfixable"",""punctual"",""flawless"",""alert""]","unfixable","syn","incurable"
"Choose the synonym for 'indefatigable'.","[""tireless"",""espouse"",""impecunious"",""pinnacle""]","tireless","syn","indefatigable"
"Choose the synonym for 'indifferent'.","[""caption"",""lament"",""euphoria"",""disinterested""]","disinterested","syn","indifferent"
"Choose the synonym for 'indigenous'.","[""achieve"",""poise"",""native"",""indifferent""]","native","syn","indigenous"
"Choose the synonym for 'indigent'.","[""quaint"",""savage"",""nobility"",""destitute""]","destitute","syn","indigent"
"Choose the synonym for 'indignant'.","[""develop"",""irate"",""affront"",""sanguine""]","irate","syn","indignant"
"Choose the synonym for 'indiscriminate'.","[""altercation"",""introvert"",""haphazard"",""exemplary""]","haphazard","syn","indiscriminate"
"Choose the synonym for 'indomitable'.","[""perish"",""wholesome"",""sagacious"",""tenacious""]","tenacious","syn","indomitable"
"Choose the synonym for 'induce'.","[""corvine"",""persuade"",""tedious"",""criterion""]","persuade","syn","induce"
"Choose the synonym for 'indulge'.","[""intransigent"",""environment"",""archaic"",""pamper""]","pamper","syn","indulge"
"Choose the synonym for 'inedible'.","[""whimper"",""abundance"",""satiated"",""distasteful""]","distasteful","syn","inedible"
"Choose the synonym for 'ineffable'.","[""condemn"",""indescribable"",""content"",""impose""]","indescribable","syn","ineffable"
"Choose the synonym for 'ineffectual'.","[""formidable"",""negate"",""affectionate"",""futile""]","futile","syn","ineffectual"
"Choose the synonym for 'ineptitude'.","[""incompetence"",""inattentive"",""mortal"",""alluring""]","incompetence","syn","ineptitude"
"Choose the synonym for 'inequity'.","[""droll"",""injustice"",""pathetic"",""ponder""]","injustice","syn","inequity"
"Choose the synonym for 'inert'.","[""probability"",""petulant"",""irreproachable"",""dormant""]","dormant","syn","inert"
"Choose the synonym for 'inertia'.","[""dazzling"",""apathy"",""inattentive"",""besieged""]","apathy","syn","inertia"
"Choose the synonym for 'inevitably'.","[""unavoidably"",""litigation"",""floppy"",""replete""]","unavoidably","syn","inevitably"
"Choose the synonym for 'inexplicable'.","[""latter"",""esoteric"",""disperse"",""unexplainable""]","unexplainable","syn","inexplicable"
"Choose the synonym for 'infamous'.","[""hue"",""gallant"",""heedless"",""disreputable""]","disreputable","syn","infamous"
"Choose the synonym for 'infatuate'.","[""enchant"",""loiter"",""insomnia"",""trough""]","enchant","syn","infatuate"
"Choose the synonym for 'infer'.","[""propriety"",""dispel"",""identity"",""deduce""]","deduce","syn","infer"
"Choose the synonym for 'infernal'.","[""diminish"",""derail"",""dreadful"",""hospitable""]","dreadful","syn","infernal"
"Choose the synonym for 'infiltrate'.","[""resonate"",""penetrate"",""club"",""distinct""]","penetrate","syn","infiltrate"
"Choose the synonym for 'influence'.","[""power"",""arduous"",""lupine"",""ambulatory""]","power","syn","influence"
"Choose the synonym for 'influential'.","[""adversity"",""fatigue"",""powerful"",""courageous""]","powerful","syn","influential"
"Choose the synonym for 'infuriated'.","[""complicity"",""gadget"",""furious"",""pathetic""]","furious","syn","infuriated"
"Choose the synonym for 'infuse'.","[""shrewd"",""negligible"",""duration"",""permeate""]","permeate","syn","infuse"
"Choose the synonym for 'ingenious'.","[""clever"",""gripe"",""shrewd"",""infernal""]","clever","syn","ingenious"
"Choose the synonym for 'ingrate'.","[""imposing"",""ungrateful"",""euphemism"",""conservation""]","ungrateful","syn","ingrate"
"Choose the synonym for 'inhabit'.","[""occupy"",""equipped"",""grievance"",""perspective""]","occupy","syn","inhabit"
"Choose the synonym for 'inhabitant'.","[""debris"",""resident"",""dexterous"",""snub""]","resident","syn","inhabitant"
"Choose the synonym for 'inhale'.","[""compliant"",""coil"",""breathe in"",""demote""]","breathe in","syn","inhale"
"Choose the synonym for 'inherent'.","[""deride"",""farce"",""intrinsic"",""alluring""]","intrinsic","syn","inherent"
"Choose the synonym for 'initiate'.","[""rigid"",""ovine"",""start"",""subordinate""]","start","syn","initiate"
"Choose the synonym for 'injustice'.","[""insidious"",""unravel"",""emphasise"",""unfairness""]","unfairness","syn","injustice"
"Choose the synonym for 'inkling'.","[""alienate"",""savage"",""fret"",""notion""]","notion","syn","inkling"
"Choose the synonym for 'innate'.","[""inborn"",""nuance"",""antiquated"",""thrive""]","inborn","syn","innate"
"Choose the synonym for 'innovation'.","[""candid"",""immoral"",""breakthrough"",""coincide""]","breakthrough","syn","innovation"
"Choose the synonym for 'inopportune'.","[""awkward"",""amorphous"",""ingenious"",""corroborate""]","awkward","syn","inopportune"
"Choose the synonym for 'inquisitive'.","[""acrid"",""curious"",""froth"",""effusion""]","curious","syn","inquisitive"
"Choose the synonym for 'insane'.","[""chew the fat"",""heinous"",""company"",""ludicrous""]","ludicrous","syn","insane"
"Choose the synonym for 'insatiable'.","[""auspicious"",""ravenous"",""perjury"",""jargon""]","ravenous","syn","insatiable"
"Choose the synonym for 'insidious'.","[""rectify"",""conciliatory"",""subtle"",""foundation""]","subtle","syn","insidious"
"Choose the synonym for 'insight'.","[""hind"",""pitfall"",""exquisite"",""understanding""]","understanding","syn","insight"
"Choose the synonym for 'insinuate'.","[""enrage"",""suggest"",""accolade"",""innate""]","suggest","syn","insinuate"
"Choose the synonym for 'insistent'.","[""boldness"",""unravel"",""determined"",""conserve""]","determined","syn","insistent"
"Choose the synonym for 'insomnia'.","[""levity"",""sleeplessness"",""comparison"",""asset""]","sleeplessness","syn","insomnia"
"Choose the synonym for 'inspire'.","[""cohesive"",""motivate"",""margin"",""economical""]","motivate","syn","inspire"
"Choose the synonym for 'instigate'.","[""integral"",""affront"",""cryptic"",""provoke""]","provoke","syn","instigate"
"Choose the synonym for 'instil'.","[""impart"",""nuance"",""impair"",""tangle""]","impart","syn","instil"
"Choose the synonym for 'instructive'.","[""ingredient"",""lucrative"",""probate"",""educational""]","educational","syn","instructive"
"Choose the synonym for 'insufferable'.","[""idiom"",""obnoxious"",""loiter"",""anguish""]","obnoxious","syn","insufferable"
"Choose the synonym for 'insular'.","[""isolation"",""provincial"",""profusion"",""dictate""]","provincial","syn","insular"
"Choose the synonym for 'insurgent'.","[""abandon"",""impale"",""rebel"",""anecdote""]","rebel","syn","insurgent"
"Choose the synonym for 'insurmountable'.","[""tepid"",""formidable"",""contend"",""gruelling""]","formidable","syn","insurmountable"
"Choose the synonym for 'intact'.","[""miserly"",""replete"",""whole"",""sanguine""]","whole","syn","intact"
"Choose the synonym for 'intangible'.","[""aptitude"",""deterrent"",""immaterial"",""meadow""]","immaterial","syn","intangible"
"Choose the synonym for 'integral'.","[""imitate"",""vital"",""masculinity"",""braggart""]","vital","syn","integral"
"Choose the synonym for 'integrity'.","[""honesty"",""conscience"",""congenial"",""obnoxious""]","honesty","syn","integrity"
"Choose the synonym for 'intense'.","[""pilfer"",""extreme"",""affront"",""induce""]","extreme","syn","intense"
"Choose the synonym for 'intention'.","[""slander"",""obstreperous"",""indigent"",""purpose""]","purpose","syn","intention"
"Choose the synonym for 'intercede'.","[""placid"",""mercurial"",""mediate"",""archaic""]","mediate","syn","intercede"
"Choose the synonym for 'intermittent'.","[""occasional"",""bargain"",""misnomer"",""hinge""]","occasional","syn","intermittent"
"Choose the synonym for 'intervene'.","[""copious"",""mediate"",""eulogy"",""hoard""]","mediate","syn","intervene"
"Choose the synonym for 'intimate'.","[""private"",""instigate"",""apprehension"",""moan""]","private","syn","intimate"
"Choose the synonym for 'intimidate'.","[""fraught"",""ostentatious"",""hustle"",""frighten""]","frighten","syn","intimidate"
"Choose the synonym for 'intractable'.","[""unmanageable"",""fertile"",""available"",""abundant""]","unmanageable","syn","intractable"
"Choose the synonym for 'intransigent'.","[""expedient"",""obstinate"",""complement"",""deteriorate""]","obstinate","syn","intransigent"
"Choose the synonym for 'introspective'.","[""pensive"",""breach"",""eulogy"",""anarchist""]","pensive","syn","introspective"
"Choose the synonym for 'introvert'.","[""predominantly"",""imperative"",""recluse"",""midst""]","recluse","syn","introvert"
"Choose the synonym for 'intuition'.","[""amphibian"",""committee"",""inkling"",""flog""]","inkling","syn","intuition"
"Choose the synonym for 'intuitive'.","[""amorphous"",""conceited"",""instinctive"",""feline""]","instinctive","syn","intuitive"
"Choose the synonym for 'inundate'.","[""impoverished"",""flood"",""embellish"",""sweltering""]","flood","syn","inundate"
"Choose the synonym for 'invalid'.","[""unlawful"",""affable"",""despair"",""linger""]","unlawful","syn","invalid"
"Choose the synonym for 'invaluable'.","[""priceless"",""foreign"",""loiter"",""nuance""]","priceless","syn","invaluable"
"Choose the synonym for 'investigate'.","[""examine"",""adamant"",""estimate"",""immediately""]","examine","syn","investigate"
"Choose the synonym for 'irascible'.","[""commemorate"",""permit"",""avoid"",""irritable""]","irritable","syn","irascible"
"Choose the synonym for 'ire'.","[""gravely"",""anger"",""atmosphere"",""equine""]","anger","syn","ire"
"Choose the synonym for 'ironic'.","[""wary"",""integrity"",""glutton"",""sarcastic""]","sarcastic","syn","ironic"
"Choose the synonym for 'irrational'.","[""unreasonable"",""prudent"",""available"",""obedient""]","unreasonable","syn","irrational"
"Choose the synonym for 'irrelevant'.","[""calm"",""distress"",""lupine"",""immaterial""]","immaterial","syn","irrelevant"
"Choose the synonym for 'irreproachable'.","[""disinterested"",""equipment"",""blameless"",""cynic""]","blameless","syn","irreproachable"
"Choose the synonym for 'irresistible'.","[""alluring"",""brevity"",""detractors"",""majestic""]","alluring","syn","irresistible"
"Choose the synonym for 'irreverence'.","[""horrendous"",""fissure"",""grotto"",""disrespect""]","disrespect","syn","irreverence"
"Choose the synonym for 'itinerary'.","[""fissure"",""compel"",""schedule"",""foster""]","schedule","syn","itinerary"
"Choose the synonym for 'jargon'.","[""unsurpassed"",""incoherent"",""specialist terms"",""concerted""]","specialist terms","syn","jargon"
"Choose the synonym for 'jaunty'.","[""cheerful"",""nullify"",""coincide"",""dextrous""]","cheerful","syn","jaunty"
"Choose the synonym for 'jeopardise'.","[""infernal"",""debunk"",""pedantic"",""endanger""]","endanger","syn","jeopardise"
"Choose the synonym for 'jittery'.","[""incontrovertible"",""apathy"",""anxious"",""dais""]","anxious","syn","jittery"
"Choose the synonym for 'jocular'.","[""erratic"",""humorous"",""allegation"",""wavy""]","humorous","syn","jocular"
"Choose the synonym for 'joyous'.","[""parallel"",""dwelling"",""gleeful"",""yearn""]","gleeful","syn","joyous"
"Choose the synonym for 'judicious'.","[""wise"",""pedantic"",""curiosity"",""mogul""]","wise","syn","judicious"
"Choose the synonym for 'just'.","[""disastrous"",""scripture"",""sanction"",""impartial""]","impartial","syn","just"
"Choose the synonym for 'justice'.","[""alluring"",""diffuse"",""fairness"",""implement""]","fairness","syn","justice"
"Choose the synonym for 'justification'.","[""picturesque"",""excuse"",""dispel"",""potent""]","excuse","syn","justification"
"Choose the synonym for 'juxtapose'.","[""convenient"",""deceit"",""contrast"",""justice""]","contrast","syn","juxtapose"
"Choose the synonym for 'keen'.","[""temperate"",""sole"",""eager"",""festivity""]","eager","syn","keen"
"Choose the synonym for 'labour'.","[""personification"",""agitated"",""toil"",""petite""]","toil","syn","labour"
"Choose the synonym for 'labyrinth'.","[""tangle"",""loathe"",""mitigate"",""misogynist""]","tangle","syn","labyrinth"
"Choose the synonym for 'laconic'.","[""guttural"",""deluge"",""brief"",""onerous""]","brief","syn","laconic"
"Choose the synonym for 'lame'.","[""crippled"",""confound"",""impel"",""facade""]","crippled","syn","lame"
"Choose the synonym for 'lassitude'.","[""settee"",""forecast"",""mettle"",""fatigue""]","fatigue","syn","lassitude"
"Choose the synonym for 'latent'.","[""connotation"",""lax"",""grime"",""dormant""]","dormant","syn","latent"
"Choose the synonym for 'latter'.","[""extraneous"",""second"",""sufficient"",""elusive""]","second","syn","latter"
"Choose the synonym for 'lethargic'.","[""inclusive"",""cohesive"",""languid"",""genial""]","languid","syn","lethargic"
"Choose the synonym for 'lethargy'.","[""misspent"",""drowsiness"",""vile"",""preclude""]","drowsiness","syn","lethargy"
"Choose the synonym for 'levitate'.","[""sporadically"",""company"",""attest"",""float""]","float","syn","levitate"
"Choose the synonym for 'levity'.","[""humour"",""feral"",""genealogy"",""perceive""]","humour","syn","levity"
"Choose the synonym for 'liberal'.","[""flawless"",""bereft"",""generous"",""grieve""]","generous","syn","liberal"
"Choose the synonym for 'liberty'.","[""freedom"",""wane"",""cacophony"",""dissuade""]","freedom","syn","liberty"
"Choose the synonym for 'lieu'.","[""stead"",""comical"",""detached"",""auspicious""]","stead","syn","lieu"
"Choose the synonym for 'limb'.","[""foster"",""arm"",""peruse"",""garment""]","arm","syn","limb"
"Choose the synonym for 'limit'.","[""maximum"",""odious"",""misspent"",""duress""]","maximum","syn","limit"
"Choose the synonym for 'listless'.","[""languid"",""indefatigable"",""imagery"",""inedible""]","languid","syn","listless"
"Choose the synonym for 'litigation'.","[""apprentice"",""extrovert"",""meadow"",""lawsuit""]","lawsuit","syn","litigation"
"Choose the synonym for 'lodge'.","[""register"",""muscle"",""exile"",""imprudent""]","register","syn","lodge"
"Choose the synonym for 'loiter'.","[""pompous"",""naive"",""linger"",""exhort""]","linger","syn","loiter"
"Choose the synonym for 'loneliness'.","[""polarity"",""isolation"",""passive"",""fortuitous""]","isolation","syn","loneliness"
"Choose the synonym for 'loquacious'.","[""inevitably"",""derivative"",""garrulous"",""discord""]","garrulous","syn","loquacious"
"Choose the synonym for 'loyal'.","[""potential"",""average"",""devoted"",""crevice""]","devoted","syn","loyal"
"Choose the synonym for 'lucrative'.","[""profitable"",""implicate"",""polarity"",""pique""]","profitable","syn","lucrative"
"Choose the synonym for 'ludicrous'.","[""insipid"",""absurd"",""distinguished"",""indomitable""]","absurd","syn","ludicrous"
"Choose the synonym for 'lulled'.","[""parliament"",""lightning"",""hind"",""soothed""]","soothed","syn","lulled"
"Choose the synonym for 'luminous'.","[""affectionate"",""rebuke"",""accompany"",""radiant""]","radiant","syn","luminous"
"Choose the synonym for 'lustrous'.","[""excellent"",""prominent"",""gleaming"",""justification""]","gleaming","syn","lustrous"
"Choose the synonym for 'magnanimous'.","[""gracious"",""context"",""desire"",""felicitous""]","gracious","syn","magnanimous"
"Choose the synonym for 'magnate'.","[""appreciate"",""debunk"",""tycoon"",""exempt""]","tycoon","syn","magnate"
"Choose the synonym for 'magnetic'.","[""confine"",""conspiracy"",""influence"",""alluring""]","alluring","syn","magnetic"
"Choose the synonym for 'magnitude'.","[""staunch"",""size"",""flog"",""ludicrous""]","size","syn","magnitude"
"Choose the synonym for 'malevolent'.","[""edible"",""prevail"",""evil"",""adherent""]","evil","syn","malevolent"
"Choose the synonym for 'malleable'.","[""yearn"",""outrageous"",""pliable"",""permeate""]","pliable","syn","malleable"
"Choose the synonym for 'masculinity'.","[""capricious"",""manhood"",""dormant"",""fissure""]","manhood","syn","masculinity"
"Choose the synonym for 'maverick'.","[""incoherent"",""rebel"",""pleasing"",""twine""]","rebel","syn","maverick"
"Choose the synonym for 'measly'.","[""paltry"",""imminent"",""desolate"",""fret""]","paltry","syn","measly"
"Choose the synonym for 'meddle'.","[""interfere"",""embarrass"",""equipped"",""composition""]","interfere","syn","meddle"
"Choose the synonym for 'mediate'.","[""negotiate"",""fusion"",""oblige"",""glitter""]","negotiate","syn","mediate"
"Choose the synonym for 'mediocrity'.","[""averageness"",""elementary"",""taciturn"",""complaisant""]","averageness","syn","mediocrity"
"Choose the synonym for 'melody'.","[""absence"",""refrain"",""chaos"",""crucial""]","refrain","syn","melody"
"Choose the synonym for 'menacing'.","[""conceive"",""threatening"",""bemoan"",""ambition""]","threatening","syn","menacing"
"Choose the synonym for 'mercurial'.","[""existence"",""compile"",""succumb"",""volatile""]","volatile","syn","mercurial"
"Choose the synonym for 'mercy'.","[""amusing"",""baton"",""concoct"",""compassion""]","compassion","syn","mercy"
"Choose the synonym for 'mere'.","[""procrastinate"",""surmise"",""just"",""hasty""]","just","syn","mere"
"Choose the synonym for 'mesmerise'.","[""fertile"",""agitated"",""eclectic"",""enchant""]","enchant","syn","mesmerise"
"Choose the synonym for 'methodical'.","[""expense"",""systematic"",""available"",""loquacious""]","systematic","syn","methodical"
"Choose the synonym for 'metropolis'.","[""introvert"",""city"",""absorbed"",""pamper""]","city","syn","metropolis"
"Choose the synonym for 'mettle'.","[""grit"",""proliferation"",""portentous"",""poultry""]","grit","syn","mettle"
"Choose the synonym for 'milestone'.","[""determine"",""landmark"",""harass"",""concoct""]","landmark","syn","milestone"
"Choose the synonym for 'misanthrope'.","[""defunct"",""idiom"",""insinuate"",""cynic""]","cynic","syn","misanthrope"
"Choose the synonym for 'misapprehend'.","[""hinder"",""thwart"",""oscillate"",""misunderstand""]","misunderstand","syn","misapprehend"
"Choose the synonym for 'mischief'.","[""calm"",""naughtiness"",""retreat"",""disparity""]","naughtiness","syn","mischief"
"Choose the synonym for 'miserly'.","[""stingy"",""insane"",""genteel"",""waver""]","stingy","syn","miserly"
"Choose the synonym for 'misnomer'.","[""perfidious"",""mislabel"",""gravely"",""favourable""]","mislabel","syn","misnomer"
"Choose the synonym for 'misogynist'.","[""comrade"",""aesthetic"",""deference"",""woman-hater""]","woman-hater","syn","misogynist"
"Choose the synonym for 'misspent'.","[""wasted"",""ascend"",""approve"",""hammock""]","wasted","syn","misspent"
"Choose the synonym for 'mitigate'.","[""abhorrent"",""muted"",""shack"",""lessen""]","lessen","syn","mitigate"
"Choose the synonym for 'moderate'.","[""average"",""insufferable"",""culpable"",""peddle""]","average","syn","moderate"
"Choose the synonym for 'modernise'.","[""chicanery"",""update"",""compliment"",""composition""]","update","syn","modernise"
"Choose the synonym for 'modest'.","[""stanza"",""humble"",""rivet"",""disastrous""]","humble","syn","modest"
"Choose the synonym for 'mogul'.","[""forsake"",""emanate"",""incumbent"",""tycoon""]","tycoon","syn","mogul"
"Choose the synonym for 'mollify'.","[""methodical"",""calm"",""tangle"",""helix""]","calm","syn","mollify"
"Choose the synonym for 'momentous'.","[""infamous"",""connotation"",""important"",""affable""]","important","syn","momentous"
"Choose the synonym for 'monochrome'.","[""single-colour"",""levity"",""provincial"",""advance""]","single-colour","syn","monochrome"
"Choose the synonym for 'monologue'.","[""irritate"",""equivocal"",""address"",""secretary""]","address","syn","monologue"
"Choose the synonym for 'monotonous'.","[""tiresome"",""forlorn"",""congenial"",""disparage""]","tiresome","syn","monotonous"
"Choose the synonym for 'monumental'.","[""devote"",""colossal"",""convenient"",""diatribe""]","colossal","syn","monumental"
"Choose the synonym for 'moratorium'.","[""felicitous"",""sedate"",""halt"",""decorum""]","halt","syn","moratorium"
"Choose the synonym for 'morose'.","[""brittle"",""defame"",""sullen"",""convoluted""]","sullen","syn","morose"
"Choose the synonym for 'mortal'.","[""imbalance"",""benefit"",""human"",""mettle""]","human","syn","mortal"
"Choose the synonym for 'mournful'.","[""incurable"",""craving"",""precarious"",""sombre""]","sombre","syn","mournful"
"Choose the synonym for 'mundane'.","[""hammock"",""ordinary"",""dazzling"",""opt""]","ordinary","syn","mundane"
"Choose the synonym for 'munificence'.","[""slack"",""indignant"",""grit"",""generosity""]","generosity","syn","munificence"
"Choose the synonym for 'muted'.","[""subdued"",""invigorated"",""measly"",""perceive""]","subdued","syn","muted"
"Choose the synonym for 'mysterious'.","[""decoy"",""subordinate"",""impeccable"",""enigmatic""]","enigmatic","syn","mysterious"
"Choose the synonym for 'mystify'.","[""deprive"",""investigate"",""bewilder"",""ingrate""]","bewilder","syn","mystify"
"Choose the synonym for 'nauseating'.","[""resort to"",""alliteration"",""sickening"",""condescension""]","sickening","syn","nauseating"
"Choose the synonym for 'neat'.","[""fickle"",""tidy"",""assemble"",""edible""]","tidy","syn","neat"
"Choose the synonym for 'nefarious'.","[""prospective"",""wicked"",""opt"",""obscene""]","wicked","syn","nefarious"
"Choose the synonym for 'negate'.","[""moratorium"",""genre"",""beck"",""deny""]","deny","syn","negate"
"Choose the synonym for 'negotiate'.","[""summit"",""ire"",""innate"",""bargain""]","bargain","syn","negotiate"
"Choose the synonym for 'nemesis'.","[""confound"",""divulge"",""wary"",""adversary""]","adversary","syn","nemesis"
"Choose the synonym for 'nobility'.","[""sequence"",""warp"",""insight"",""virtue""]","virtue","syn","nobility"
"Choose the synonym for 'nomadic'.","[""itinerant"",""celestial"",""dale"",""idyllic""]","itinerant","syn","nomadic"
"Choose the synonym for 'nominal'.","[""incumbent"",""din"",""humane"",""notional""]","notional","syn","nominal"
"Choose the synonym for 'nonchalant'.","[""abundance"",""temperature"",""hiatus"",""casual""]","casual","syn","nonchalant"
"Choose the synonym for 'nonentity'.","[""scanty"",""flog"",""mortal"",""nobody""]","nobody","syn","nonentity"
"Choose the synonym for 'nourishment'.","[""jaded"",""meld"",""amusing"",""sustenance""]","sustenance","syn","nourishment"
"Choose the synonym for 'noxious'.","[""finesse"",""cantankerous"",""poisonous"",""chastised""]","poisonous","syn","noxious"
"Choose the synonym for 'nuance'.","[""diminish"",""embody"",""melodious"",""subtlety""]","subtlety","syn","nuance"
"Choose the synonym for 'obdurate'.","[""grievance"",""obstinate"",""prestige"",""lethargic""]","obstinate","syn","obdurate"
"Choose the synonym for 'obfuscate'.","[""forlorn"",""conceal"",""perceive"",""humane""]","conceal","syn","obfuscate"
"Choose the synonym for 'objection'.","[""dissent"",""labour"",""cultivate"",""pomposity""]","dissent","syn","objection"
"Choose the synonym for 'oblique'.","[""indirect"",""assortment"",""devoted"",""collide""]","indirect","syn","oblique"
"Choose the synonym for 'obliterate'.","[""immoral"",""inconsequential"",""destroy"",""exemplify""]","destroy","syn","obliterate"
"Choose the synonym for 'obnoxious'.","[""distress"",""irritating"",""dearth"",""acclaim""]","irritating","syn","obnoxious"
"Choose the synonym for 'obscure'.","[""little-known"",""calamity"",""smirk"",""advance""]","little-known","syn","obscure"
"Choose the synonym for 'obsequious'.","[""devise"",""humid"",""flattering"",""paradigm""]","flattering","syn","obsequious"
"Choose the synonym for 'obsession'.","[""fixation"",""skim"",""demeanour"",""uniform""]","fixation","syn","obsession"
"Choose the synonym for 'obstreperous'.","[""perseverance"",""wretched"",""boisterous"",""peddle""]","boisterous","syn","obstreperous"
"Choose the synonym for 'odious'.","[""emulate"",""peripheral"",""repulsive"",""accuse""]","repulsive","syn","odious"
"Choose the synonym for 'odour'.","[""smell"",""proficient"",""insipid"",""accustom""]","smell","syn","odour"
"Choose the synonym for 'officious'.","[""conspire"",""benevolent"",""meddlesome"",""euphonious""]","meddlesome","syn","officious"
"Choose the synonym for 'ominous'.","[""fragrant"",""gracious"",""depressing"",""foreboding""]","foreboding","syn","ominous"
"Choose the synonym for 'omit'.","[""leave out"",""barb"",""hoof"",""nauseous""]","leave out","syn","omit"
"Choose the synonym for 'onerous'.","[""burdensome"",""prompt"",""assent"",""merchant""]","burdensome","syn","onerous"
"Choose the synonym for 'onslaught'.","[""dutiful"",""agnostic"",""assault"",""evidence""]","assault","syn","onslaught"
"Choose the synonym for 'oppose'.","[""extended"",""perpetual"",""influential"",""defy""]","defy","syn","oppose"
"Choose the synonym for 'opt'.","[""ingrate"",""slit"",""elect"",""pervasive""]","elect","syn","opt"
"Choose the synonym for 'optimist'.","[""hopeful person"",""oblivious"",""tactful"",""mischievous""]","hopeful person","syn","optimist"
"Choose the synonym for 'optional'.","[""tone"",""voluntary"",""belligerent"",""irate""]","voluntary","syn","optional"
"Choose the synonym for 'orchestrate'.","[""obsession"",""vent"",""affinity"",""coordinate""]","coordinate","syn","orchestrate"
"Choose the synonym for 'origin'.","[""dispute"",""thorough"",""credit"",""beginning""]","beginning","syn","origin"
"Choose the synonym for 'oscillate'.","[""scrupulous"",""waver"",""cryptic"",""malicious""]","waver","syn","oscillate"
"Choose the synonym for 'outrageous'.","[""emerge"",""allusion"",""plunder"",""atrocious""]","atrocious","syn","outrageous"
"Choose the synonym for 'overbearing'.","[""spurn"",""determined"",""content"",""domineering""]","domineering","syn","overbearing"
"Choose the synonym for 'pacifist'.","[""peace campaigner"",""humble"",""stern"",""attempt""]","peace campaigner","syn","pacifist"
"Choose the synonym for 'pacify'.","[""commence"",""appeal"",""declare"",""appease""]","appease","syn","pacify"
"Choose the synonym for 'pact'.","[""matte"",""bargain"",""pensive"",""inattentive""]","bargain","syn","pact"
"Choose the synonym for 'palpable'.","[""yearn"",""poetry"",""obvious"",""braggart""]","obvious","syn","palpable"
"Choose the synonym for 'pamper'.","[""indulge"",""snub"",""anecdote"",""ignorant""]","indulge","syn","pamper"
"Choose the synonym for 'panacea'.","[""extinction"",""extraordinary"",""cure-all"",""integrity""]","cure-all","syn","panacea"
"Choose the synonym for 'panache'.","[""intention"",""barricade"",""pioneer"",""flamboyance""]","flamboyance","syn","panache"
"Choose the synonym for 'panic'.","[""alarm"",""plagiarise"",""invaluable"",""hallmark""]","alarm","syn","panic"
"Choose the synonym for 'parable'.","[""fable"",""disclose"",""erasable"",""inflame""]","fable","syn","parable"
"Choose the synonym for 'paradigm'.","[""model"",""molten"",""gadget"",""imbalance""]","model","syn","paradigm"
"Choose the synonym for 'paradox'.","[""deluge"",""fertile"",""contradiction"",""evade""]","contradiction","syn","paradox"
"Choose the synonym for 'paragon'.","[""hoof"",""exemplar"",""deprive"",""incessant""]","exemplar","syn","paragon"
"Choose the synonym for 'parallel'.","[""concur"",""immutable"",""side by side"",""determined""]","side by side","syn","parallel"
"Choose the synonym for 'paraphrase'.","[""summarise"",""figurative"",""reword"",""delightful""]","reword","syn","paraphrase"
"Choose the synonym for 'parsimony'.","[""obliterate"",""stinginess"",""farce"",""eulogy""]","stinginess","syn","parsimony"
"Choose the synonym for 'partial'.","[""vanish"",""bipartisan"",""incomplete"",""besotted""]","incomplete","syn","partial"
"Choose the synonym for 'pathetic'.","[""devoted"",""impinge"",""idiom"",""meagre""]","meagre","syn","pathetic"
"Choose the synonym for 'pedantic'.","[""archaic"",""invalid"",""panacea"",""fussy""]","fussy","syn","pedantic"
"Choose the synonym for 'penchant'.","[""fancy"",""comrade"",""marvellous"",""stationary""]","fancy","syn","penchant"
"Choose the synonym for 'perchance'.","[""perhaps"",""especially"",""deter"",""heroic""]","perhaps","syn","perchance"
"Choose the synonym for 'perfidious'.","[""nebulous"",""appetising"",""hospitable"",""treacherous""]","treacherous","syn","perfidious"
"Choose the synonym for 'perjury'.","[""falsehood"",""inconsolable"",""predilection"",""profusion""]","falsehood","syn","perjury"
"Choose the synonym for 'permit'.","[""tepid"",""ambition"",""allow"",""plump""]","allow","syn","permit"
"Choose the synonym for 'pernicious'.","[""attentive"",""balk"",""harmful"",""unkempt""]","harmful","syn","pernicious"
"Choose the synonym for 'perpetual'.","[""disturbing"",""endless"",""imperative"",""forbid""]","endless","syn","perpetual"
"Choose the synonym for 'perplex'.","[""tedious"",""baffle"",""vouch"",""efficacious""]","baffle","syn","perplex"
"Choose the synonym for 'perseverance'.","[""conducive"",""comforting"",""persistence"",""adopt""]","persistence","syn","perseverance"
"Choose the synonym for 'perturb'.","[""chortle"",""bias"",""measly"",""disturb""]","disturb","syn","perturb"
"Choose the synonym for 'peruse'.","[""aggressor"",""isolation"",""commence"",""study""]","study","syn","peruse"
"Choose the synonym for 'pervasive'.","[""widespread"",""shack"",""anecdote"",""gracious""]","widespread","syn","pervasive"
"Choose the synonym for 'pessimist'.","[""aptitude"",""derisive"",""doomsayer"",""crease""]","doomsayer","syn","pessimist"
"Choose the synonym for 'petulant'.","[""cross"",""espouse"",""subterranean"",""portentous""]","cross","syn","petulant"
"Choose the synonym for 'phenomena'.","[""phenomenon"",""jovial"",""grudge"",""piscine""]","phenomenon","syn","phenomena"
"Choose the synonym for 'philosophical'.","[""convict"",""characterisation"",""thoughtful"",""intention""]","thoughtful","syn","philosophical"
"Choose the synonym for 'phlegmatic'.","[""homograph"",""embroil"",""painstaking"",""placid""]","placid","syn","phlegmatic"
"Choose the synonym for 'picturesque'.","[""virulent"",""hamper"",""abhorrent"",""charming""]","charming","syn","picturesque"
"Choose the synonym for 'pining'.","[""longing"",""enthralling"",""commemorate"",""composition""]","longing","syn","pining"
"Choose the synonym for 'pitfall'.","[""limit"",""prophetic"",""sanitary"",""trap""]","trap","syn","pitfall"
"Choose the synonym for 'plagiarise'.","[""eminent"",""metaphor"",""copy"",""empire""]","copy","syn","plagiarise"
"Choose the synonym for 'plausible'.","[""credible"",""disused"",""benign"",""baton""]","credible","syn","plausible"
"Choose the synonym for 'pleasing'.","[""agreeable"",""sever"",""restrain"",""pernicious""]","agreeable","syn","pleasing"
"Choose the synonym for 'pleasurable'.","[""ineptitude"",""concise"",""infer"",""gratifying""]","gratifying","syn","pleasurable"
"Choose the synonym for 'plethora'.","[""abundance"",""competition"",""heartless"",""nefarious""]","abundance","syn","plethora"
"Choose the synonym for 'plight'.","[""conscientious"",""distress"",""stride"",""determine""]","distress","syn","plight"
"Choose the synonym for 'plume'.","[""corvine"",""club"",""feather"",""irritate""]","feather","syn","plume"
"Choose the synonym for 'plummet'.","[""exacerbate"",""penetrate"",""halt"",""dive""]","dive","syn","plummet"
"Choose the synonym for 'plump'.","[""nobility"",""chubby"",""hypocritical"",""apprise""]","chubby","syn","plump"
"Choose the synonym for 'plunge'.","[""campaign"",""inevitably"",""immerse"",""assuage""]","immerse","syn","plunge"
"Choose the synonym for 'poignant'.","[""indignant"",""habitable"",""apprehend"",""moving""]","moving","syn","poignant"
"Choose the synonym for 'pomposity'.","[""complex"",""grandiosity"",""crave"",""precipitate""]","grandiosity","syn","pomposity"
"Choose the synonym for 'ponder'.","[""antithesis"",""deliberate"",""pining"",""prompt""]","deliberate","syn","ponder"
"Choose the synonym for 'ponderous'.","[""clement"",""mellow"",""heavy"",""latent""]","heavy","syn","ponderous"
"Choose the synonym for 'populated'.","[""deprive"",""inhabited"",""hygienic"",""evolve""]","inhabited","syn","populated"
"Choose the synonym for 'portal'.","[""assent"",""asset"",""drowsy"",""gateway""]","gateway","syn","portal"
"Choose the synonym for 'portentous'.","[""ominous"",""famished"",""opportunity"",""disguise""]","ominous","syn","portentous"
"Choose the synonym for 'portrayal'.","[""guffaw"",""denounce"",""astonishment"",""depiction""]","depiction","syn","portrayal"
"Choose the synonym for 'poultry'.","[""cerebral"",""contrived"",""fowls"",""deference""]","fowls","syn","poultry"
"Choose the synonym for 'practical'.","[""useful"",""egotistical"",""levity"",""plight""]","useful","syn","practical"
"Choose the synonym for 'pragmatic'.","[""conundrum"",""prose"",""resolute"",""level-headed""]","level-headed","syn","pragmatic"
"Choose the synonym for 'precedent'.","[""obstreperous"",""craving"",""affectionate"",""example""]","example","syn","precedent"
"Choose the synonym for 'precipitate'.","[""esteem"",""trigger"",""exhaustive"",""brawn""]","trigger","syn","precipitate"
"Choose the synonym for 'precipitous'.","[""abrupt"",""opportunity"",""anxious"",""perilous""]","abrupt","syn","precipitous"
"Choose the synonym for 'preclude'.","[""debut"",""abstract"",""metaphor"",""prevent""]","prevent","syn","preclude"
"Choose the synonym for 'precocious'.","[""derision"",""advanced"",""ludicrous"",""foil""]","advanced","syn","precocious"
"Choose the synonym for 'predator'.","[""hallowed"",""reprimand"",""hunter"",""distraction""]","hunter","syn","predator"
"Choose the synonym for 'predecessor'.","[""disparity"",""metropolis"",""forerunner"",""allusion""]","forerunner","syn","predecessor"
"Choose the synonym for 'predilection'.","[""artisan"",""preference"",""abode"",""egotistical""]","preference","syn","predilection"
"Choose the synonym for 'predominantly'.","[""metropolis"",""mainly"",""extol"",""editor""]","mainly","syn","predominantly"
"Choose the synonym for 'prelude'.","[""guile"",""lax"",""introduction"",""consume""]","introduction","syn","prelude"
"Choose the synonym for 'preposterous'.","[""absurd"",""paradox"",""provisional"",""malleable""]","absurd","syn","preposterous"
"Choose the synonym for 'prestige'.","[""reputation"",""incense"",""margin"",""enumerate""]","reputation","syn","prestige"
"Choose the synonym for 'presumptuous'.","[""prodigal"",""impudent"",""esteem"",""vex""]","impudent","syn","presumptuous"
"Choose the synonym for 'prevail'.","[""justification"",""flippant"",""win"",""docile""]","win","syn","prevail"
"Choose the synonym for 'prim'.","[""impartial"",""prudish"",""barbarian"",""smirk""]","prudish","syn","prim"
"Choose the synonym for 'prioritise'.","[""predominantly"",""emphasise"",""interfere"",""coy""]","emphasise","syn","prioritise"
"Choose the synonym for 'probability'.","[""likelihood"",""tactful"",""forthright"",""kindle""]","likelihood","syn","probability"
"Choose the synonym for 'problematic'.","[""breach"",""awkward"",""menacing"",""pigment""]","awkward","syn","problematic"
"Choose the synonym for 'proclivity'.","[""tendency"",""ancient"",""infamous"",""stanza""]","tendency","syn","proclivity"
"Choose the synonym for 'procure'.","[""droll"",""acquire"",""provincial"",""tempestuous""]","acquire","syn","procure"
"Choose the synonym for 'prodigal'.","[""efficacious"",""lavish"",""congenial"",""digression""]","lavish","syn","prodigal"
"Choose the synonym for 'prodigious'.","[""enormous"",""painstaking"",""breadth"",""alliteration""]","enormous","syn","prodigious"
"Choose the synonym for 'prodigy'.","[""obfuscate"",""hallmark"",""ambulatory"",""genius""]","genius","syn","prodigy"
"Choose the synonym for 'profane'.","[""irreverent"",""steadfast"",""ire"",""imprudent""]","irreverent","syn","profane"
"Choose the synonym for 'profess'.","[""retreat"",""thrive"",""inept"",""declare""]","declare","syn","profess"
"Choose the synonym for 'proficient'.","[""opt"",""recognise"",""expert"",""hoof""]","expert","syn","proficient"
"Choose the synonym for 'profit'.","[""onerous"",""espouse"",""acquaint"",""gain""]","gain","syn","profit"
"Choose the synonym for 'profound'.","[""intense"",""induce"",""durable"",""desolate""]","intense","syn","profound"
"Choose the synonym for 'profusion'.","[""abundance"",""disguise"",""chicanery"",""conscious""]","abundance","syn","profusion"
"Choose the synonym for 'proliferation'.","[""ardour"",""increase"",""pilfer"",""apprehensive""]","increase","syn","proliferation"
"Choose the synonym for 'prolific'.","[""sole"",""immaculate"",""stern"",""productive""]","productive","syn","prolific"
"Choose the synonym for 'prologue'.","[""preface"",""earnest"",""obliterate"",""proportion""]","preface","syn","prologue"
"Choose the synonym for 'prominent'.","[""mesmerise"",""distinguished"",""stomach"",""component""]","distinguished","syn","prominent"
"Choose the synonym for 'promote'.","[""extricate"",""affinity"",""instil"",""support""]","support","syn","promote"
"Choose the synonym for 'prompt'.","[""emphasis"",""heartless"",""devoted"",""immediate""]","immediate","syn","prompt"
"Choose the synonym for 'pronounce'.","[""articulate"",""pacifist"",""guile"",""immaterial""]","articulate","syn","pronounce"
"Choose the synonym for 'prophetic'.","[""lout"",""predictive"",""ally"",""congregate""]","predictive","syn","prophetic"
"Choose the synonym for 'proportion'.","[""abundance"",""attached"",""negotiate"",""share""]","share","syn","proportion"
"Choose the synonym for 'propriety'.","[""clandestine"",""moderate"",""censorious"",""decorum""]","decorum","syn","propriety"
"Choose the synonym for 'prospective'.","[""obfuscate"",""forthcoming"",""boastful"",""signature""]","forthcoming","syn","prospective"
"Choose the synonym for 'prosper'.","[""flourish"",""adore"",""contorted"",""adverse""]","flourish","syn","prosper"
"Choose the synonym for 'prosperous'.","[""duress"",""affluent"",""simile"",""confine""]","affluent","syn","prosperous"
"Choose the synonym for 'protagonist'.","[""complaisant"",""jittery"",""hostility"",""central character""]","central character","syn","protagonist"
"Choose the synonym for 'protract'.","[""imbroglio"",""gracious"",""extend"",""fringe""]","extend","syn","protract"
"Choose the synonym for 'proverb'.","[""impose"",""adage"",""deliberate"",""language""]","adage","syn","proverb"
"Choose the synonym for 'provincial'.","[""rural"",""extinction"",""abode"",""gauge""]","rural","syn","provincial"
"Choose the synonym for 'provisional'.","[""conducive"",""temporary"",""convoluted"",""factual""]","temporary","syn","provisional"
"Choose the synonym for 'provocative'.","[""rarity"",""inflammatory"",""scoff"",""evanescent""]","inflammatory","syn","provocative"
"Choose the synonym for 'proximity'.","[""cajole"",""hostile"",""nearness"",""enterprise""]","nearness","syn","proximity"
"Choose the synonym for 'prudence'.","[""definite"",""caution"",""gracious"",""garrulous""]","caution","syn","prudence"
"Choose the synonym for 'pugnacious'.","[""boisterous"",""throng"",""restaurant"",""aggressive""]","aggressive","syn","pugnacious"
"Choose the synonym for 'pulverise'.","[""reconcile"",""shell"",""crush"",""absurd""]","crush","syn","pulverise"
"Choose the synonym for 'punitive'.","[""homograph"",""severe"",""solitude"",""repress""]","severe","syn","punitive"
"Choose the synonym for 'quagmire'.","[""bog"",""hone"",""achieve"",""coy""]","bog","syn","quagmire"
"Choose the synonym for 'quarantine'.","[""extinction"",""confine"",""infer"",""inkling""]","confine","syn","quarantine"
"Choose the synonym for 'quarry'.","[""extraneous"",""pit"",""duplicity"",""agnostic""]","pit","syn","quarry"
"Choose the synonym for 'queer'.","[""sanctity"",""peculiar"",""oblique"",""odious""]","peculiar","syn","queer"
"Choose the synonym for 'quell'.","[""pessimist"",""vigour"",""calm"",""compliment""]","calm","syn","quell"
"Choose the synonym for 'querulous'.","[""pigment"",""droll"",""whiny"",""termination""]","whiny","syn","querulous"
"Choose the synonym for 'quintessential'.","[""ideal"",""genre"",""lassitude"",""seldom""]","ideal","syn","quintessential"
"Choose the synonym for 'quip'.","[""estimate"",""suave"",""joke"",""blot""]","joke","syn","quip"
"Choose the synonym for 'quixotic'.","[""recluse"",""idealistic"",""spurn"",""panacea""]","idealistic","syn","quixotic"
"Choose the synonym for 'quizzical'.","[""lightning"",""nemesis"",""rogue"",""mischievous""]","mischievous","syn","quizzical"
"Choose the synonym for 'ramification'.","[""hoax"",""consequence"",""callow"",""subdued""]","consequence","syn","ramification"
"Choose the synonym for 'ramshackle'.","[""proxy"",""accustom"",""dilapidated"",""outrageous""]","dilapidated","syn","ramshackle"
"Choose the synonym for 'rancour'.","[""fateful"",""gruelling"",""moratorium"",""hatred""]","hatred","syn","rancour"
"Choose the synonym for 'rank'.","[""jeopardise"",""partial"",""bargain"",""position""]","position","syn","rank"
"Choose the synonym for 'ransack'.","[""rummage"",""tint"",""innocuous"",""corpse""]","rummage","syn","ransack"
"Choose the synonym for 'rant'.","[""melancholy"",""acclaim"",""ramble"",""porous""]","ramble","syn","rant"
"Choose the synonym for 'rapacious'.","[""greedy"",""sabotage"",""charismatic"",""accommodate""]","greedy","syn","rapacious"
"Choose the synonym for 'rare'.","[""partial"",""uncommon"",""tractable"",""humid""]","uncommon","syn","rare"
"Choose the synonym for 'rarity'.","[""bane"",""overt"",""scarcity"",""amiable""]","scarcity","syn","rarity"
"Choose the synonym for 'ratify'.","[""arouse"",""jeopardise"",""approve"",""stride""]","approve","syn","ratify"
"Choose the synonym for 'rationale'.","[""felicitous"",""proficient"",""justification"",""immediately""]","justification","syn","rationale"
"Choose the synonym for 'reactionary'.","[""conservative"",""ancestral"",""recognise"",""tepid""]","conservative","syn","reactionary"
"Choose the synonym for 'reap'.","[""steadfast"",""harvest"",""feeble"",""curiosity""]","harvest","syn","reap"
"Choose the synonym for 'recalcitrant'.","[""chaos"",""atlas"",""archaic"",""stubborn""]","stubborn","syn","recalcitrant"
"Choose the synonym for 'recant'.","[""viable"",""indolent"",""retract"",""wretched""]","retract","syn","recant"
"Choose the synonym for 'recede'.","[""viscous"",""gregarious"",""antiquated"",""retreat""]","retreat","syn","recede"
"Choose the synonym for 'receive'.","[""fickle"",""forestall"",""get"",""analogy""]","get","syn","receive"
"Choose the synonym for 'receptacle'.","[""avowed"",""royal"",""ambiguous"",""vessel""]","vessel","syn","receptacle"
"Choose the synonym for 'receptive'.","[""discern"",""introspective"",""open-minded"",""meddle""]","open-minded","syn","receptive"
"Choose the synonym for 'recite'.","[""labyrinth"",""impose"",""mogul"",""repeat""]","repeat","syn","recite"
"Choose the synonym for 'recluse'.","[""veritable"",""disseminate"",""solitary"",""assemble""]","solitary","syn","recluse"
"Choose the synonym for 'recollection'.","[""memory"",""courageous"",""conferred"",""connotation""]","memory","syn","recollection"
"Choose the synonym for 'recompense'.","[""reward"",""substance"",""phlegmatic"",""apoplectic""]","reward","syn","recompense"
"Choose the synonym for 'reconcile'.","[""extrovert"",""sanction"",""dissipate"",""appease""]","appease","syn","reconcile"
"Choose the synonym for 'recondite'.","[""obscure"",""chasm"",""loquacious"",""humid""]","obscure","syn","recondite"
"Choose the synonym for 'recount'.","[""adversity"",""sluggish"",""lax"",""relate""]","relate","syn","recount"
"Choose the synonym for 'recycle'.","[""whisper"",""accolade"",""reuse"",""cliché""]","reuse","syn","recycle"
"Choose the synonym for 'redolent'.","[""fragrant"",""embody"",""jubilant"",""rebuke""]","fragrant","syn","redolent"
"Choose the synonym for 'redress'.","[""fluctuate"",""forecast"",""jaded"",""remedy""]","remedy","syn","redress"
"Choose the synonym for 'redundant'.","[""enmity"",""immerse"",""superfluous"",""profit""]","superfluous","syn","redundant"
"Choose the synonym for 'reel'.","[""candour"",""stagger"",""combat"",""resplendent""]","stagger","syn","reel"
"Choose the synonym for 'reflective'.","[""thoughtful"",""biodiversity"",""inaugural"",""gratuitous""]","thoughtful","syn","reflective"
"Choose the synonym for 'reformation'.","[""liable"",""coil"",""duress"",""improvement""]","improvement","syn","reformation"
"Choose the synonym for 'refuse'.","[""raucous"",""decline"",""necessary"",""timid""]","decline","syn","refuse"
"Choose the synonym for 'regime'.","[""exclaim"",""candid"",""government"",""terrestrial""]","government","syn","regime"
"Choose the synonym for 'regretful'.","[""thoughtful"",""delectable"",""omen"",""rueful""]","rueful","syn","regretful"
"Choose the synonym for 'regulate'.","[""control"",""sanction"",""credulous"",""reproach""]","control","syn","regulate"
"Choose the synonym for 'reimburse'.","[""frugal"",""sceptical"",""nomadic"",""refund""]","refund","syn","reimburse"
"Choose the synonym for 'reinvigorate'.","[""delectable"",""neat"",""revive"",""litigation""]","revive","syn","reinvigorate"
"Choose the synonym for 'reiterate'.","[""chastise"",""jocular"",""repeat"",""reprieve""]","repeat","syn","reiterate"
"Choose the synonym for 'rejuvenate'.","[""inaccurate"",""symbol"",""revive"",""melody""]","revive","syn","rejuvenate"
"Choose the synonym for 'relay'.","[""perish"",""metaphor"",""pass on"",""promote""]","pass on","syn","relay"
"Choose the synonym for 'release'.","[""distress"",""twine"",""free"",""irrelevant""]","free","syn","release"
"Choose the synonym for 'relegate'.","[""demote"",""treaty"",""inferior"",""callous""]","demote","syn","relegate"
"Choose the synonym for 'relentless'.","[""unrelenting"",""auspicious"",""unforgiving"",""crooked""]","unrelenting","syn","relentless"
"Choose the synonym for 'relinquish'.","[""eulogy"",""controversy"",""chew the fat"",""abandon""]","abandon","syn","relinquish"
"Choose the synonym for 'reluctant'.","[""provisional"",""unwilling"",""traitor"",""foil""]","unwilling","syn","reluctant"
"Choose the synonym for 'remainder'.","[""leftover"",""mundane"",""mere"",""apprentice""]","leftover","syn","remainder"
"Choose the synonym for 'remedy'.","[""augment"",""cure"",""inferior"",""prospective""]","cure","syn","remedy"
"Choose the synonym for 'reminiscent'.","[""homogeneous"",""consonant"",""evocative"",""sombre""]","evocative","syn","reminiscent"
"Choose the synonym for 'remnant'.","[""fragment"",""origin"",""tranquillity"",""dictate""]","fragment","syn","remnant"
"Choose the synonym for 'remorse'.","[""sporadic"",""reputation"",""guilt"",""curb""]","guilt","syn","remorse"
"Choose the synonym for 'remunerate'.","[""thoughtful"",""pay"",""irksome"",""adjourn""]","pay","syn","remunerate"
"Choose the synonym for 'rendition'.","[""condemn"",""solemnity"",""dour"",""performance""]","performance","syn","rendition"
"Choose the synonym for 'renegade'.","[""legend"",""sectarian"",""traitor"",""ferocity""]","traitor","syn","renegade"
"Choose the synonym for 'renewable'.","[""distasteful"",""unprecedented"",""sustainable"",""tentative""]","sustainable","syn","renewable"
"Choose the synonym for 'renounce'.","[""abandon"",""erratic"",""errand"",""forestall""]","abandon","syn","renounce"
"Choose the synonym for 'repel'.","[""contemptuous"",""deter"",""vicinity"",""slit""]","deter","syn","repel"
"Choose the synonym for 'repercussions'.","[""stroll"",""sated"",""consequences"",""obsequious""]","consequences","syn","repercussions"
"Choose the synonym for 'replica'.","[""lightning"",""purpose"",""rhyme"",""copy""]","copy","syn","replica"
"Choose the synonym for 'reprehensible'.","[""determined"",""disgraceful"",""complacent"",""advance""]","disgraceful","syn","reprehensible"
"Choose the synonym for 'repress'.","[""confound"",""famished"",""granular"",""suppress""]","suppress","syn","repress"
"Choose the synonym for 'reprieve'.","[""detrimental"",""halt"",""erudite"",""practical""]","halt","syn","reprieve"
"Choose the synonym for 'reproach'.","[""memoir"",""rebuke"",""mogul"",""audacity""]","rebuke","syn","reproach"
"Choose the synonym for 'reprove'.","[""deride"",""feud"",""reprimand"",""abundant""]","reprimand","syn","reprove"
"Choose the synonym for 'repudiate'.","[""deny"",""avoid"",""contrast"",""crop""]","deny","syn","repudiate"
"Choose the synonym for 'repugnant'.","[""provisional"",""insidious"",""magnanimous"",""obnoxious""]","obnoxious","syn","repugnant"
"Choose the synonym for 'reputation'.","[""intimate"",""philosophical"",""esteem"",""clamour""]","esteem","syn","reputation"
"Choose the synonym for 'rescind'.","[""fragment"",""altruistic"",""tempest"",""revoke""]","revoke","syn","rescind"
"Choose the synonym for 'reserve'.","[""flawed"",""lulled"",""lout"",""save""]","save","syn","reserve"
"Choose the synonym for 'reside'.","[""nemesis"",""problematic"",""epic"",""inhabit""]","inhabit","syn","reside"
"Choose the synonym for 'residence'.","[""indiscriminate"",""audacity"",""irascible"",""dwelling""]","dwelling","syn","residence"
"Choose the synonym for 'residue'.","[""exhaustive"",""lassitude"",""leftover"",""exalt""]","leftover","syn","residue"
"Choose the synonym for 'resign'.","[""ramification"",""quit"",""ovine"",""aesthetic""]","quit","syn","resign"
"Choose the synonym for 'resilience'.","[""toughness"",""reckless"",""menacing"",""desolate""]","toughness","syn","resilience"
"Choose the synonym for 'resist'.","[""fallacious"",""compel"",""caprine"",""oppose""]","oppose","syn","resist"
"Choose the synonym for 'resort'.","[""retreat"",""vulpine"",""shell"",""abridge""]","retreat","syn","resort"
"Choose the synonym for 'respite'.","[""fracas"",""break"",""cease"",""disperse""]","break","syn","respite"
"Choose the synonym for 'resplendent'.","[""submerge"",""resort to"",""diminution"",""dazzling""]","dazzling","syn","resplendent"
"Choose the synonym for 'responsibility'.","[""gripe"",""prudence"",""biased"",""duty""]","duty","syn","responsibility"
"Choose the synonym for 'restless'.","[""banish"",""immerse"",""fidgety"",""deficient""]","fidgety","syn","restless"
"Choose the synonym for 'restore'.","[""sane"",""repair"",""repent"",""suggest""]","repair","syn","restore"
"Choose the synonym for 'restraint'.","[""epoch"",""insight"",""savour"",""self-control""]","self-control","syn","restraint"
"Choose the synonym for 'retain'.","[""keep"",""mobile"",""ardour"",""transfix""]","keep","syn","retain"
"Choose the synonym for 'retaliate'.","[""avenge"",""antidote"",""cryptic"",""grave""]","avenge","syn","retaliate"
"Choose the synonym for 'reticent'.","[""disparage"",""taciturn"",""ascend"",""favoured""]","taciturn","syn","reticent"
"Choose the synonym for 'retiring'.","[""dutiful"",""diffident"",""charlatan"",""tally""]","diffident","syn","retiring"
"Choose the synonym for 'retort'.","[""paragon"",""prospective"",""passive"",""comeback""]","comeback","syn","retort"
"Choose the synonym for 'retract'.","[""aggressor"",""quintessential"",""recant"",""disparage""]","recant","syn","retract"
"Choose the synonym for 'retrieve'.","[""cork"",""recover"",""corvine"",""feasible""]","recover","syn","retrieve"
"Choose the synonym for 'reveal'.","[""disclose"",""rowdy"",""meagre"",""extinction""]","disclose","syn","reveal"
"Choose the synonym for 'reverence'.","[""replica"",""terrestrial"",""respect"",""stomach""]","respect","syn","reverence"
"Choose the synonym for 'revile'.","[""resist"",""hinder"",""denounce"",""repent""]","denounce","syn","revile"
"Choose the synonym for 'revive'.","[""restore"",""famished"",""cunning"",""threadbare""]","restore","syn","revive"
"Choose the synonym for 'revolutionise'.","[""perish"",""modernise"",""complaisant"",""probate""]","modernise","syn","revolutionise"
"Choose the synonym for 'rhapsody'.","[""temper"",""taciturn"",""immaculate"",""ode""]","ode","syn","rhapsody"
"Choose the synonym for 'rhetoric'.","[""adverse"",""vouch"",""custom"",""oratory""]","oratory","syn","rhetoric"
"Choose the synonym for 'ridicule'.","[""deride"",""flippant"",""vernacular"",""substantiate""]","deride","syn","ridicule"
"Choose the synonym for 'righteous'.","[""wholesome"",""virtuous"",""genre"",""exonerate""]","virtuous","syn","righteous"
"Choose the synonym for 'rivalry'.","[""severe"",""besieged"",""competition"",""erect""]","competition","syn","rivalry"
"Choose the synonym for 'robust'.","[""sturdy"",""stolid"",""inaugurate"",""accessible""]","sturdy","syn","robust"
"Choose the synonym for 'rogue'.","[""awkward"",""scoundrel"",""loathe"",""curtail""]","scoundrel","syn","rogue"
"Choose the synonym for 'rueful'.","[""excellent"",""structure"",""regretful"",""disperse""]","regretful","syn","rueful"
"Choose the synonym for 'rummage'.","[""vacuous"",""ransack"",""porcine"",""stomach""]","ransack","syn","rummage"
"Choose the synonym for 'ruthless'.","[""subservient"",""merciless"",""dictionary"",""replica""]","merciless","syn","ruthless"
"Choose the synonym for 'sabotage'.","[""tardy"",""wreck"",""garbled"",""joyous""]","wreck","syn","sabotage"
"Choose the synonym for 'sacred'.","[""moderate"",""divine"",""transient"",""prophetic""]","divine","syn","sacred"
"Choose the synonym for 'sanctimonious'.","[""defiance"",""smug"",""rueful"",""cryptic""]","smug","syn","sanctimonious"
"Choose the synonym for 'sanctity'.","[""distinguished"",""lassitude"",""holiness"",""probation""]","holiness","syn","sanctity"
"Choose the synonym for 'sanctuary'.","[""ferocious"",""refuge"",""diplomatic"",""altercation""]","refuge","syn","sanctuary"
"Choose the synonym for 'sane'.","[""sensible"",""din"",""viable"",""intermittent""]","sensible","syn","sane"
"Choose the synonym for 'sarcastic'.","[""quarry"",""barren"",""ironic"",""signature""]","ironic","syn","sarcastic"
"Choose the synonym for 'satin'.","[""silk"",""monochrome"",""epic"",""elusive""]","silk","syn","satin"
"Choose the synonym for 'satisfying'.","[""exaggerate"",""guard"",""gratifying"",""serenity""]","gratifying","syn","satisfying"
"Choose the synonym for 'savour'.","[""abandon"",""relish"",""secure"",""vitriolic""]","relish","syn","savour"
"Choose the synonym for 'savoury'.","[""salty"",""provocative"",""measly"",""efface""]","salty","syn","savoury"
"Choose the synonym for 'scarcity'.","[""urbanisation"",""imitate"",""provisional"",""dearth""]","dearth","syn","scarcity"
"Choose the synonym for 'scathing'.","[""insignia"",""humorous"",""savage"",""vigilant""]","savage","syn","scathing"
"Choose the synonym for 'scenic'.","[""picturesque"",""trickle"",""remainder"",""fester""]","picturesque","syn","scenic"
"Choose the synonym for 'sceptical'.","[""awe"",""ardour"",""unworthy"",""dubious""]","dubious","syn","sceptical"
"Choose the synonym for 'scholastic'.","[""surreptitious"",""marquee"",""academic"",""indulgent""]","academic","syn","scholastic"
"Choose the synonym for 'score'.","[""tangible"",""tally"",""distant"",""customary""]","tally","syn","score"
"Choose the synonym for 'scrutinise'.","[""examine"",""intimate"",""willpower"",""kindle""]","examine","syn","scrutinise"
"Choose the synonym for 'sculpture'.","[""statue"",""belligerent"",""inhabitant"",""rejuvenate""]","statue","syn","sculpture"
"Choose the synonym for 'scurrilous'.","[""spiteful"",""erudite"",""grave"",""crave""]","spiteful","syn","scurrilous"
"Choose the synonym for 'seclusion'.","[""isolation"",""tally"",""volatile"",""break a leg""]","isolation","syn","seclusion"
"Choose the synonym for 'secretive'.","[""alluring"",""covert"",""painstaking"",""adept""]","covert","syn","secretive"
"Choose the synonym for 'sectarian'.","[""pacify"",""prelude"",""intuition"",""bigoted""]","bigoted","syn","sectarian"
"Choose the synonym for 'secure'.","[""safe"",""ultimatum"",""scrupulous"",""serpentine""]","safe","syn","secure"
"Choose the synonym for 'segment'.","[""eulogy"",""pinnacle"",""portion"",""spontaneity""]","portion","syn","segment"
"Choose the synonym for 'seldom'.","[""fastidious"",""rarely"",""meagre"",""earnest""]","rarely","syn","seldom"
"Choose the synonym for 'self-righteous'.","[""smug"",""ursine"",""offend"",""plume""]","smug","syn","self-righteous"
"Choose the synonym for 'semantics'.","[""reconcile"",""pomposity"",""lexicology"",""exaggerate""]","lexicology","syn","semantics"
"Choose the synonym for 'serendipity'.","[""floppy"",""chance"",""docile"",""credible""]","chance","syn","serendipity"
"Choose the synonym for 'serenity'.","[""maverick"",""swallow"",""composure"",""corvine""]","composure","syn","serenity"
"Choose the synonym for 'shrink'.","[""contract"",""trivia"",""esoteric"",""transcendent""]","contract","syn","shrink"
"Choose the synonym for 'significant'.","[""substantial"",""contradict"",""coerce"",""keen""]","substantial","syn","significant"
"Choose the synonym for 'simulate'.","[""durable"",""compile"",""leonine"",""imitate""]","imitate","syn","simulate"
"Choose the synonym for 'simultaneous'.","[""concurrent"",""cordial"",""zephyr"",""intuition""]","concurrent","syn","simultaneous"
"Choose the synonym for 'singular'.","[""solitary"",""forsake"",""architecture"",""system""]","solitary","syn","singular"
"Choose the synonym for 'skirmish'.","[""trinket"",""clash"",""instigate"",""penetrate""]","clash","syn","skirmish"
"Choose the synonym for 'slogan'.","[""ambulatory"",""irritate"",""trudge"",""motto""]","motto","syn","slogan"
"Choose the synonym for 'slothful'.","[""conflagration"",""aphorism"",""indolent"",""discordant""]","indolent","syn","slothful"
"Choose the synonym for 'slovenly'.","[""imitate"",""ostentatious"",""magma"",""scruffy""]","scruffy","syn","slovenly"
"Choose the synonym for 'sluggish'.","[""queer"",""lethargic"",""exacting"",""elementary""]","lethargic","syn","sluggish"
"Choose the synonym for 'sober'.","[""serious"",""irksome"",""amusing"",""profound""]","serious","syn","sober"
"Choose the synonym for 'sociable'.","[""assiduous"",""plump"",""enrapt"",""outgoing""]","outgoing","syn","sociable"
"Choose the synonym for 'solemnity'.","[""insurmountable"",""gravity"",""presumptuous"",""gregarious""]","gravity","syn","solemnity"
"Choose the synonym for 'solicit'.","[""request"",""echelon"",""presumptuous"",""connotation""]","request","syn","solicit"
"Choose the synonym for 'solitude'.","[""seclusion"",""restrain"",""pitfall"",""bland""]","seclusion","syn","solitude"
"Choose the synonym for 'sophisticated'.","[""pamper"",""complex"",""evolve"",""muted""]","complex","syn","sophisticated"
"Choose the synonym for 'specify'.","[""state"",""inkling"",""vicious"",""lassitude""]","state","syn","specify"
"Choose the synonym for 'spendthrift'.","[""prodigal"",""usurp"",""pare"",""genre""]","prodigal","syn","spendthrift"
"Choose the synonym for 'spiteful'.","[""empire"",""malicious"",""fringe"",""yonder""]","malicious","syn","spiteful"
"Choose the synonym for 'spontaneity'.","[""munificence"",""ancestral"",""calamity"",""impulsiveness""]","impulsiveness","syn","spontaneity"
"Choose the synonym for 'sporadic'.","[""justify"",""satiated"",""occasional"",""fortitude""]","occasional","syn","sporadic"
"Choose the synonym for 'spurious'.","[""candour"",""false"",""shoulder"",""introspective""]","false","syn","spurious"
"Choose the synonym for 'squalor'.","[""filth"",""kindle"",""unsurpassed"",""strenuous""]","filth","syn","squalor"
"Choose the synonym for 'stability'.","[""steadiness"",""versatile"",""debate"",""whisper""]","steadiness","syn","stability"
"Choose the synonym for 'stagnate'.","[""halt"",""opt"",""recompense"",""dictate""]","halt","syn","stagnate"
"Choose the synonym for 'stalemate'.","[""surmise"",""harass"",""paradox"",""deadlock""]","deadlock","syn","stalemate"
"Choose the synonym for 'stance'.","[""plunge"",""posture"",""comforting"",""forthcoming""]","posture","syn","stance"
"Choose the synonym for 'static'.","[""adulation"",""turmoil"",""recollection"",""stationary""]","stationary","syn","static"
"Choose the synonym for 'stealthy'.","[""vapid"",""diplomatic"",""disparage"",""secretive""]","secretive","syn","stealthy"
"Choose the synonym for 'stereotype'.","[""nobility"",""generalisation"",""perplexed"",""reserve""]","generalisation","syn","stereotype"
"Choose the synonym for 'stockpile'.","[""tone"",""reserve"",""enthusiast"",""receptive""]","reserve","syn","stockpile"
"Choose the synonym for 'stoic'.","[""divulge"",""absurd"",""itinerary"",""composed""]","composed","syn","stoic"
"Choose the synonym for 'stolid'.","[""impassive"",""edible"",""evident"",""ambition""]","impassive","syn","stolid"
"Choose the synonym for 'stretched'.","[""garment"",""rant"",""ordeal"",""extended""]","extended","syn","stretched"
"Choose the synonym for 'strident'.","[""dishearten"",""transgress"",""loud"",""insinuate""]","loud","syn","strident"
"Choose the synonym for 'stringent'.","[""supercilious"",""severe"",""segment"",""florid""]","severe","syn","stringent"
"Choose the synonym for 'strive'.","[""scanty"",""latent"",""attempt"",""paradigm""]","attempt","syn","strive"
"Choose the synonym for 'strut'.","[""analyse"",""stroll"",""serpentine"",""banish""]","stroll","syn","strut"
"Choose the synonym for 'stubborn'.","[""acrimonious"",""cemetery"",""obstinate"",""distinguished""]","obstinate","syn","stubborn"
"Choose the synonym for 'studious'.","[""artisan"",""restraint"",""irritate"",""diligent""]","diligent","syn","studious"
"Choose the synonym for 'stupendous'.","[""according"",""enormous"",""quarantine"",""perturb""]","enormous","syn","stupendous"
"Choose the synonym for 'stupidity'.","[""evade"",""profess"",""folly"",""cacophony""]","folly","syn","stupidity"
"Choose the synonym for 'suave'.","[""occupy"",""charming"",""aptitude"",""compliment""]","charming","syn","suave"
"Choose the synonym for 'subjugate'.","[""illuminate"",""endeavour"",""cynic"",""conquer""]","conquer","syn","subjugate"
"Choose the synonym for 'sublime'.","[""exquisite"",""redolent"",""snicker"",""discreet""]","exquisite","syn","sublime"
"Choose the synonym for 'submit'.","[""rhythm"",""yield"",""devise"",""explicit""]","yield","syn","submit"
"Choose the synonym for 'subsequent'.","[""later"",""deject"",""sagacious"",""occur""]","later","syn","subsequent"
"Choose the synonym for 'subservient'.","[""conscience"",""obedient"",""forestall"",""feline""]","obedient","syn","subservient"
"Choose the synonym for 'subside'.","[""predilection"",""inert"",""diminish"",""propriety""]","diminish","syn","subside"
"Choose the synonym for 'substance'.","[""feline"",""material"",""rebuttal"",""deject""]","material","syn","substance"
"Choose the synonym for 'substantiate'.","[""desecration"",""supercilious"",""verify"",""compliment""]","verify","syn","substantiate"
"Choose the synonym for 'subtlety'.","[""blot"",""desire"",""pare"",""nuance""]","nuance","syn","subtlety"
"Choose the synonym for 'subtropical'.","[""cursory"",""near-tropical"",""implicitly"",""profound""]","near-tropical","syn","subtropical"
"Choose the synonym for 'succinct'.","[""savour"",""wilful"",""steadfast"",""concise""]","concise","syn","succinct"
"Choose the synonym for 'suggestible'.","[""sedate"",""persuadable"",""peckish"",""extraordinary""]","persuadable","syn","suggestible"
"Choose the synonym for 'sundry'.","[""erasable"",""sage"",""miscellaneous"",""pronunciation""]","miscellaneous","syn","sundry"
"Choose the synonym for 'supercilious'.","[""haughty"",""treaty"",""magnetic"",""elated""]","haughty","syn","supercilious"
"Choose the synonym for 'superior'.","[""instigate"",""loyal"",""higher-ranking"",""vehicle""]","higher-ranking","syn","superior"
"Choose the synonym for 'supplicate'.","[""traitor"",""implore"",""surmount"",""esteem""]","implore","syn","supplicate"
"Choose the synonym for 'surge'.","[""besotted"",""rush"",""latent"",""lightning""]","rush","syn","surge"
"Choose the synonym for 'surly'.","[""venerable"",""lethargic"",""brusque"",""echelon""]","brusque","syn","surly"
"Choose the synonym for 'surmount'.","[""committee"",""obsolete"",""overcome"",""absolute""]","overcome","syn","surmount"
"Choose the synonym for 'surpass'.","[""exceed"",""defy"",""deny"",""prodigious""]","exceed","syn","surpass"
"Choose the synonym for 'surreptitious'.","[""club"",""clandestine"",""digression"",""precipitate""]","clandestine","syn","surreptitious"
"Choose the synonym for 'surveillance'.","[""observation"",""inexplicable"",""soldier"",""individual""]","observation","syn","surveillance"
"Choose the synonym for 'suspect'.","[""abridge"",""influence"",""doubt"",""dispel""]","doubt","syn","suspect"
"Choose the synonym for 'suspend'.","[""intractable"",""rowdy"",""stupidity"",""halt""]","halt","syn","suspend"
"Choose the synonym for 'swallow'.","[""gulp"",""discordant"",""digression"",""valid""]","gulp","syn","swallow"
"Choose the synonym for 'swindled'.","[""diligent"",""defrauded"",""gravity"",""strut""]","defrauded","syn","swindled"
"Choose the synonym for 'sycophancy'.","[""flattery"",""reimburse"",""loquacious"",""familiar""]","flattery","syn","sycophancy"
"Choose the synonym for 'tangible'.","[""conceit"",""physical"",""ambivalence"",""irrelevant""]","physical","syn","tangible"
"Choose the synonym for 'tantamount'.","[""equivalent"",""connotation"",""vein"",""cultivate""]","equivalent","syn","tantamount"
"Choose the synonym for 'tapestry'.","[""antiquated"",""segment"",""apprentice"",""embroidery""]","embroidery","syn","tapestry"
"Choose the synonym for 'taunt'.","[""evaluation"",""alliteration"",""forecast"",""ridicule""]","ridicule","syn","taunt"
"Choose the synonym for 'taxing'.","[""slovenly"",""afflict"",""demanding"",""willpower""]","demanding","syn","taxing"
"Choose the synonym for 'techily'.","[""altitude"",""ablest"",""expanse"",""technically""]","technically","syn","techily"
"Choose the synonym for 'tedium'.","[""desolate"",""maverick"",""boldness"",""dullness""]","dullness","syn","tedium"
"Choose the synonym for 'temper'.","[""anger"",""achieve"",""succinct"",""toil""]","anger","syn","temper"
"Choose the synonym for 'temptation'.","[""refrain"",""astounding"",""lure"",""savour""]","lure","syn","temptation"
"Choose the synonym for 'tenant'.","[""constraint"",""renter"",""oblique"",""analogy""]","renter","syn","tenant"
"Choose the synonym for 'tenet'.","[""doctrine"",""principle"",""wee"",""combination""]","principle","syn","tenet"
"Choose the synonym for 'tentative'.","[""blasphemy"",""hesitant"",""devious"",""unwitting""]","hesitant","syn","tentative"
"Choose the synonym for 'termination'.","[""profess"",""end"",""trivial"",""discrepancy""]","end","syn","termination"
"Choose the synonym for 'terrestrial'.","[""parable"",""culpable"",""land-based"",""sectarian""]","land-based","syn","terrestrial"
"Choose the synonym for 'terse'.","[""concise"",""baffle"",""unkempt"",""ratify""]","concise","syn","terse"
"Choose the synonym for 'texture'.","[""surface quality"",""pacify"",""awe"",""pulverise""]","surface quality","syn","texture"
"Choose the synonym for 'thoughtful'.","[""nullify"",""attentive"",""vanity"",""edible""]","attentive","syn","thoughtful"
"Choose the synonym for 'thrilled'.","[""adversity"",""delighted"",""jeer"",""irreproachable""]","delighted","syn","thrilled"
"Choose the synonym for 'tirade'.","[""rant"",""enigmatic"",""abstract"",""corrosive""]","rant","syn","tirade"
"Choose the synonym for 'tolerance'.","[""patience"",""abridge"",""infuse"",""refute""]","patience","syn","tolerance"
"Choose the synonym for 'tractable'.","[""succinct"",""manageable"",""inept"",""goaded""]","manageable","syn","tractable"
"Choose the synonym for 'traitor'.","[""abandon"",""irreproachable"",""betrayer"",""corrosive""]","betrayer","syn","traitor"
"Choose the synonym for 'tranquillity'.","[""inclusive"",""irresistible"",""palpable"",""serenity""]","serenity","syn","tranquillity"
"Choose the synonym for 'transcendent'.","[""superb"",""vigorously"",""idyllic"",""lupine""]","superb","syn","transcendent"
"Choose the synonym for 'transfix'.","[""root"",""fret"",""receptacle"",""coy""]","root","syn","transfix"
"Choose the synonym for 'transformation'.","[""conversion"",""emphasise"",""company"",""naive""]","conversion","syn","transformation"
"Choose the synonym for 'transgress'.","[""rural"",""offend"",""guffaw"",""inaugurate""]","offend","syn","transgress"
"Choose the synonym for 'transient'.","[""inane"",""brief"",""adopt"",""hindrance""]","brief","syn","transient"
"Choose the synonym for 'transparent'.","[""introspective"",""clear"",""admission"",""residue""]","clear","syn","transparent"
"Choose the synonym for 'traverse'.","[""inquisitive"",""dispassionate"",""deposit"",""cross""]","cross","syn","traverse"
"Choose the synonym for 'treaty'.","[""estimate"",""interrogate"",""pact"",""bruise""]","pact","syn","treaty"
"Choose the synonym for 'trepidation'.","[""dread"",""sober"",""archaic"",""vile""]","dread","syn","trepidation"
"Choose the synonym for 'triumphant'.","[""plummet"",""elated"",""liable"",""gorge""]","elated","syn","triumphant"
"Choose the synonym for 'truculent'.","[""lucid"",""genre"",""concentrated"",""aggressive""]","aggressive","syn","truculent"
"Choose the synonym for 'truncate'.","[""evanescent"",""frown"",""flattering"",""shorten""]","shorten","syn","truncate"
"Choose the synonym for 'tumult'.","[""clamour"",""nobility"",""nomadic"",""tranquil""]","clamour","syn","tumult"
"Choose the synonym for 'turmoil'.","[""interpret"",""chaos"",""stricken"",""protract""]","chaos","syn","turmoil"
"Choose the synonym for 'twilight'.","[""idyllic"",""dusk"",""vapid"",""scripture""]","dusk","syn","twilight"
"Choose the synonym for 'tyrant'.","[""interrogate"",""dictator"",""antagonistic"",""allot""]","dictator","syn","tyrant"
"Choose the synonym for 'ubiquitous'.","[""elementary"",""subdued"",""diverse"",""pervasive""]","pervasive","syn","ubiquitous"
"Choose the synonym for 'ultimatum'.","[""bickering"",""ultimacy"",""resign"",""cervine""]","ultimacy","syn","ultimatum"
"Choose the synonym for 'unanimous'.","[""agreed"",""prolific"",""impudent"",""fable""]","agreed","syn","unanimous"
"Choose the synonym for 'uncaring'.","[""callous"",""shell"",""destitute"",""fortuitous""]","callous","syn","uncaring"
"Choose the synonym for 'uncouth'.","[""filth"",""malleable"",""recalcitrant"",""coarse""]","coarse","syn","uncouth"
"Choose the synonym for 'underlying'.","[""vacuous"",""cathartic"",""basic"",""taut""]","basic","syn","underlying"
"Choose the synonym for 'undermine'.","[""rivalry"",""deprive"",""weaken"",""beck""]","weaken","syn","undermine"
"Choose the synonym for 'undulate'.","[""boldness"",""wavy"",""peckish"",""lassitude""]","wavy","syn","undulate"
"Choose the synonym for 'unforgiving'.","[""nemesis"",""exile"",""personification"",""severe""]","severe","syn","unforgiving"
"Choose the synonym for 'uniformity'.","[""besiege"",""consistency"",""expedient"",""barbarian""]","consistency","syn","uniformity"
"Choose the synonym for 'union'.","[""alliance"",""ascetic"",""tangle"",""strive""]","alliance","syn","union"
"Choose the synonym for 'universal'.","[""ambition"",""molten"",""global"",""clement""]","global","syn","universal"
"Choose the synonym for 'unorthodox'.","[""mobile"",""mumble"",""symbol"",""unconventional""]","unconventional","syn","unorthodox"
"Choose the synonym for 'unprecedented'.","[""implicitly"",""portrayal"",""dissonance"",""unparalleled""]","unparalleled","syn","unprecedented"
"Choose the synonym for 'unpretentious'.","[""pacify"",""stalemate"",""modest"",""ajar""]","modest","syn","unpretentious"
"Choose the synonym for 'unrequited'.","[""awry"",""unanswered"",""detain"",""sanitary""]","unanswered","syn","unrequited"
"Choose the synonym for 'unrestricted'.","[""tirade"",""recycle"",""obliterate"",""unlimited""]","unlimited","syn","unrestricted"
"Choose the synonym for 'unscrupulous'.","[""discern"",""spurious"",""contrived"",""dishonest""]","dishonest","syn","unscrupulous"
"Choose the synonym for 'untoward'.","[""dilapidated"",""adverse"",""disguise"",""strive""]","adverse","syn","untoward"
"Choose the synonym for 'unwarranted'.","[""irritate"",""semantics"",""unjustified"",""introspective""]","unjustified","syn","unwarranted"
"Choose the synonym for 'unwitting'.","[""rhythm"",""decency"",""unaware"",""bickering""]","unaware","syn","unwitting"
"Choose the synonym for 'unworthy'.","[""appetising"",""undeserving"",""magnetic"",""swindled""]","undeserving","syn","unworthy"
"Choose the synonym for 'urbanisation'.","[""urban-expansion"",""tenacious"",""ajar"",""signature""]","urban-expansion","syn","urbanisation"
"Choose the synonym for 'usurp'.","[""florid"",""provincial"",""seize"",""dumb""]","seize","syn","usurp"
"Choose the synonym for 'utterance'.","[""statement"",""apoplectic"",""instil"",""equipment""]","statement","syn","utterance"
"Choose the synonym for 'vacant'.","[""credence"",""gullible"",""empty"",""impose""]","empty","syn","vacant"
"Choose the synonym for 'vacillate'.","[""waver"",""heeding"",""margin"",""veto""]","waver","syn","vacillate"
"Choose the synonym for 'vacuous'.","[""canopy"",""empty"",""barricade"",""pristine""]","empty","syn","vacuous"
"Choose the synonym for 'vague'.","[""assertive"",""acid"",""expedite"",""imprecise""]","imprecise","syn","vague"
"Choose the synonym for 'valid'.","[""trudge"",""sound"",""respite"",""humble""]","sound","syn","valid"
"Choose the synonym for 'vapid'.","[""ominous"",""bland"",""opulent"",""conservation""]","bland","syn","vapid"
"Choose the synonym for 'vast'.","[""secretive"",""resign"",""seclusion"",""enormous""]","enormous","syn","vast"
"Choose the synonym for 'venerable'.","[""studious"",""ancient"",""feign"",""enthralling""]","ancient","syn","venerable"
"Choose the synonym for 'ventilation'.","[""airflow"",""flattering"",""caption"",""influence""]","airflow","syn","ventilation"
"Choose the synonym for 'veracity'.","[""collaborate"",""extraordinary"",""truthfulness"",""sabotage""]","truthfulness","syn","veracity"
"Choose the synonym for 'verbose'.","[""grandiose"",""wordy"",""desultory"",""just""]","wordy","syn","verbose"
"Choose the synonym for 'verify'.","[""confirm"",""interrupt"",""simile"",""evidence""]","confirm","syn","verify"
"Choose the synonym for 'veritable'.","[""woeful"",""settee"",""commence"",""authentic""]","authentic","syn","veritable"
"Choose the synonym for 'vernacular'.","[""discern"",""scholastic"",""dialect"",""forthright""]","dialect","syn","vernacular"
"Choose the synonym for 'versatile'.","[""whine"",""finesse"",""adaptable"",""stance""]","adaptable","syn","versatile"
"Choose the synonym for 'vessel'.","[""catastrophe"",""heedless"",""grotto"",""boat""]","boat","syn","vessel"
"Choose the synonym for 'viable'.","[""feasible"",""devoted"",""embody"",""snicker""]","feasible","syn","viable"
"Choose the synonym for 'vicinity'.","[""rift"",""surreptitious"",""neighbourhood"",""repercussions""]","neighbourhood","syn","vicinity"
"Choose the synonym for 'vigilant'.","[""pronunciation"",""alert"",""scathing"",""stomach""]","alert","syn","vigilant"
"Choose the synonym for 'vigorously'.","[""dazzling"",""extraneous"",""energetically"",""attached""]","energetically","syn","vigorously"
"Choose the synonym for 'vigour'.","[""hybrid"",""energy"",""vindictive"",""transcendent""]","energy","syn","vigour"
"Choose the synonym for 'vilify'.","[""procrastinate"",""fortuitous"",""malign"",""techily""]","malign","syn","vilify"
"Choose the synonym for 'vindicate'.","[""confine"",""jaded"",""exonerate"",""foolhardy""]","exonerate","syn","vindicate"
"Choose the synonym for 'vindictive'.","[""spiteful"",""haughty"",""admirable"",""lout""]","spiteful","syn","vindictive"
"Choose the synonym for 'visionary'.","[""allusion"",""idealist"",""plagiarise"",""formidable""]","idealist","syn","visionary"
"Choose the synonym for 'vitriolic'.","[""vacant"",""voluminous"",""scathing"",""foremost""]","scathing","syn","vitriolic"
"Choose the synonym for 'vivacious'.","[""skim"",""apathy"",""lively"",""daunt""]","lively","syn","vivacious"
"Choose the synonym for 'vivid'.","[""recompense"",""appease"",""diffident"",""intense""]","intense","syn","vivid"
"Choose the synonym for 'vocation'.","[""profession"",""impeccable"",""spurn"",""forthcoming""]","profession","syn","vocation"
"Choose the synonym for 'vociferous'.","[""emphatic"",""covet"",""opt"",""embrace""]","emphatic","syn","vociferous"
"Choose the synonym for 'voluminous'.","[""massive"",""stomach"",""lucid"",""probation""]","massive","syn","voluminous"
"Choose the synonym for 'voracious'.","[""ravenous"",""traverse"",""impair"",""dignify""]","ravenous","syn","voracious"
"Choose the synonym for 'vow'.","[""complement"",""metaphor"",""brittle"",""promise""]","promise","syn","vow"
"Choose the synonym for 'waive'.","[""furnish"",""renounce"",""abate"",""forlorn""]","renounce","syn","waive"
"Choose the synonym for 'wanton'.","[""melody"",""antidote"",""reckless"",""lame""]","reckless","syn","wanton"
"Choose the synonym for 'wasteful'.","[""prodigal"",""careering"",""asunder"",""immaculate""]","prodigal","syn","wasteful"
"Choose the synonym for 'whimsical'.","[""quaint"",""clandestine"",""ramification"",""homograph""]","quaint","syn","whimsical"
"Choose the synonym for 'whining'.","[""dissipate"",""enthusiast"",""cliché"",""grating""]","grating","syn","whining"
"Choose the synonym for 'wilful'.","[""amateur"",""parable"",""stubborn"",""obnoxious""]","stubborn","syn","wilful"
"Choose the synonym for 'willpower'.","[""covert"",""moratorium"",""resolve"",""trivia""]","resolve","syn","willpower"
"Choose the synonym for 'winsome'.","[""serpentine"",""charming"",""hasty"",""crease""]","charming","syn","winsome"
"Choose the synonym for 'wistful'.","[""inhabit"",""yearning"",""incongruous"",""disdain""]","yearning","syn","wistful"
"Choose the synonym for 'woeful'.","[""platonic"",""miserable"",""mobile"",""feckless""]","miserable","syn","woeful"
"Choose the synonym for 'worthy'.","[""rueful"",""prosper"",""commendable"",""cacophony""]","commendable","syn","worthy"
"Choose the synonym for 'wretch'.","[""stricken"",""aversion"",""sufferer"",""jury""]","sufferer","syn","wretch"
"Choose the synonym for 'yonder'.","[""afar"",""practical"",""engrossed"",""potent""]","afar","syn","yonder"
"Choose the synonym for 'zeal'.","[""gadget"",""fervour"",""plunge"",""reimburse""]","fervour","syn","zeal"
"Choose the synonym for 'zenith'.","[""sabotage"",""summit"",""alacrity"",""resort to""]","summit","syn","zenith"
"Choose the synonym for 'zephyr'.","[""afflict"",""emphasis"",""euphemism"",""breeze""]","breeze","syn","zephyr"
"Choose the synonym for 'zestful'.","[""undulate"",""ally"",""enthusiastic"",""construe""]","enthusiastic","syn","zestful"
"Choose the synonym for 'accommodate'.","[""kneel"",""float"",""house"",""hatch""]","house","syn","accommodate"
"Choose the synonym for 'accompany'.","[""go with"",""kneel"",""float"",""hatch""]","go with","syn","accompany"
"Choose the synonym for 'achieve'.","[""accomplish"",""kneel"",""float"",""hatch""]","accomplish","syn","achieve"
"Choose the synonym for 'aggressive'.","[""striped"",""hostile"",""wooden"",""triangular""]","hostile","syn","aggressive"
"Choose the synonym for 'amateur'.","[""ladder"",""puddle"",""hobbyist"",""whistle""]","hobbyist","syn","amateur"
"Choose the synonym for 'analyse'.","[""kneel"",""float"",""examine"",""hatch""]","examine","syn","analyse"
"Choose the synonym for 'appreciate'.","[""kneel"",""float"",""hatch"",""value""]","value","syn","appreciate"
"Choose the synonym for 'atmosphere'.","[""ladder"",""mood"",""puddle"",""whistle""]","mood","syn","atmosphere"
"Choose the synonym for 'attached'.","[""striped"",""fastened"",""wooden"",""triangular""]","fastened","syn","attached"
"Choose the synonym for 'audience'.","[""ladder"",""puddle"",""whistle"",""spectators""]","spectators","syn","audience"
"Choose the synonym for 'available'.","[""obtainable"",""striped"",""wooden"",""triangular""]","obtainable","syn","available"
"Choose the synonym for 'average'.","[""mean"",""ladder"",""puddle"",""whistle""]","mean","syn","average"
"Choose the synonym for 'awkward'.","[""unwieldy"",""striped"",""wooden"",""triangular""]","unwieldy","syn","awkward"
"Choose the synonym for 'bargain'.","[""ladder"",""good deal"",""puddle"",""whistle""]","good deal","syn","bargain"
"Choose the synonym for 'bias'.","[""prejudice"",""ladder"",""puddle"",""whistle""]","prejudice","syn","bias"
"Choose the synonym for 'category'.","[""ladder"",""class"",""puddle"",""whistle""]","class","syn","category"
"Choose the synonym for 'cemetery'.","[""ladder"",""burial ground"",""puddle"",""whistle""]","burial ground","syn","cemetery"
"Choose the synonym for 'committee'.","[""ladder"",""puddle"",""panel"",""whistle""]","panel","syn","committee"
"Choose the synonym for 'communicate'.","[""kneel"",""float"",""convey"",""hatch""]","convey","syn","communicate"
"Choose the synonym for 'competition'.","[""contest"",""ladder"",""puddle"",""whistle""]","contest","syn","competition"
"Choose the synonym for 'connotation'.","[""ladder"",""association"",""puddle"",""whistle""]","association","syn","connotation"
"Choose the synonym for 'conscious'.","[""striped"",""awake"",""wooden"",""triangular""]","awake","syn","conscious"
"Choose the synonym for 'contrast'.","[""ladder"",""puddle"",""whistle"",""difference""]","difference","syn","contrast"
"Choose the synonym for 'convenience'.","[""usefulness"",""ladder"",""puddle"",""whistle""]","usefulness","syn","convenience"
"Choose the synonym for 'correspond'.","[""match"",""kneel"",""float"",""hatch""]","match","syn","correspond"
"Choose the synonym for 'criticise'.","[""find fault with"",""kneel"",""float"",""hatch""]","find fault with","syn","criticise"
"Choose the synonym for 'curiosity'.","[""ladder"",""puddle"",""inquisitiveness"",""whistle""]","inquisitiveness","syn","curiosity"
"Choose the synonym for 'definite'.","[""striped"",""certain"",""wooden"",""triangular""]","certain","syn","definite"
"Choose the synonym for 'desperate'.","[""striped"",""wooden"",""frantic"",""triangular""]","frantic","syn","desperate"
"Choose the synonym for 'determined'.","[""striped"",""wooden"",""resolute"",""triangular""]","resolute","syn","determined"
"Choose the synonym for 'develop'.","[""kneel"",""float"",""grow"",""hatch""]","grow","syn","develop"
"Choose the synonym for 'environment'.","[""ladder"",""puddle"",""surroundings"",""whistle""]","surroundings","syn","environment"
"Choose the synonym for 'equip'.","[""kneel"",""float"",""hatch"",""supply""]","supply","syn","equip"
"Choose the synonym for 'equipment'.","[""ladder"",""puddle"",""whistle"",""gear""]","gear","syn","equipment"
"Choose the synonym for 'equipped'.","[""supplied"",""striped"",""wooden"",""triangular""]","supplied","syn","equipped"
"Choose the synonym for 'especially'.","[""particularly"",""upstairs"",""yesterday"",""sideways""]","particularly","syn","especially"
"Choose the synonym for 'evaluate'.","[""kneel"",""float"",""assess"",""hatch""]","assess","syn","evaluate"
"Choose the synonym for 'excellent'.","[""striped"",""superb"",""wooden"",""triangular""]","superb","syn","excellent"
"Choose the synonym for 'familiar'.","[""striped"",""wooden"",""recognisable"",""triangular""]","recognisable","syn","familiar"
"Choose the synonym for 'figurative'.","[""striped"",""wooden"",""triangular"",""non-literal""]","non-literal","syn","figurative"
"Choose the synonym for 'foreign'.","[""striped"",""wooden"",""triangular"",""overseas""]","overseas","syn","foreign"
"Choose the synonym for 'frequently'.","[""often"",""upstairs"",""yesterday"",""sideways""]","often","syn","frequently"
"Choose the synonym for 'government'.","[""ladder"",""puddle"",""administration"",""whistle""]","administration","syn","government"
"Choose the synonym for 'guarantee'.","[""ladder"",""assurance"",""puddle"",""whistle""]","assurance","syn","guarantee"
"Choose the synonym for 'harass'.","[""kneel"",""pester"",""float"",""hatch""]","pester","syn","harass"
"Choose the synonym for 'immediate'.","[""striped"",""wooden"",""instant"",""triangular""]","instant","syn","immediate"
"Choose the synonym for 'immediately'.","[""upstairs"",""instantly"",""yesterday"",""sideways""]","instantly","syn","immediately"
"Choose the synonym for 'inference'.","[""deduction"",""ladder"",""puddle"",""whistle""]","deduction","syn","inference"
"Choose the synonym for 'interpret'.","[""kneel"",""float"",""explain"",""hatch""]","explain","syn","interpret"
"Choose the synonym for 'interrupt'.","[""break into"",""kneel"",""float"",""hatch""]","break into","syn","interrupt"
"Choose the synonym for 'justify'.","[""kneel"",""float"",""hatch"",""give reasons for""]","give reasons for","syn","justify"
"Choose the synonym for 'leisure'.","[""free time"",""ladder"",""puddle"",""whistle""]","free time","syn","leisure"
"Choose the synonym for 'literal'.","[""exact"",""striped"",""wooden"",""triangular""]","exact","syn","literal"
"Choose the synonym for 'marvellous'.","[""striped"",""wooden"",""triangular"",""wonderful""]","wonderful","syn","marvellous"
"Choose the synonym for 'mischievous'.","[""striped"",""wooden"",""impish"",""triangular""]","impish","syn","mischievous"
"Choose the synonym for 'narrative'.","[""ladder"",""story"",""puddle"",""whistle""]","story","syn","narrative"
"Choose the synonym for 'necessary'.","[""essential"",""striped"",""wooden"",""triangular""]","essential","syn","necessary"
"Choose the synonym for 'occupy'.","[""fill"",""kneel"",""float"",""hatch""]","fill","syn","occupy"
"Choose the synonym for 'occur'.","[""kneel"",""float"",""hatch"",""happen""]","happen","syn","occur"
"Choose the synonym for 'perspective'.","[""ladder"",""viewpoint"",""puddle"",""whistle""]","viewpoint","syn","perspective"
"Choose the synonym for 'persuade'.","[""convince"",""kneel"",""float"",""hatch""]","convince","syn","persuade"
"Choose the synonym for 'physical'.","[""bodily"",""striped"",""wooden"",""triangular""]","bodily","syn","physical"
"Choose the synonym for 'privilege'.","[""special advantage"",""ladder"",""puddle"",""whistle""]","special advantage","syn","privilege"
"Choose the synonym for 'profession'.","[""ladder"",""puddle"",""whistle"",""occupation""]","occupation","syn","profession"
"Choose the synonym for 'programme'.","[""ladder"",""schedule"",""puddle"",""whistle""]","schedule","syn","programme"
"Choose the synonym for 'purpose'.","[""ladder"",""aim"",""puddle"",""whistle""]","aim","syn","purpose"
"Choose the synonym for 'queue'.","[""waiting line"",""ladder"",""puddle"",""whistle""]","waiting line","syn","queue"
"Choose the synonym for 'recognise'.","[""kneel"",""float"",""identify"",""hatch""]","identify","syn","recognise"
"Choose the synonym for 'recommend'.","[""kneel"",""suggest"",""float"",""hatch""]","suggest","syn","recommend"
"Choose the synonym for 'sacrifice'.","[""kneel"",""float"",""give up"",""hatch""]","give up","syn","sacrifice"
"Choose the synonym for 'signature'.","[""ladder"",""signed name"",""puddle"",""whistle""]","signed name","syn","signature"
"Choose the synonym for 'sincere'.","[""genuine"",""striped"",""wooden"",""triangular""]","genuine","syn","sincere"
"Choose the synonym for 'sincerely'.","[""upstairs"",""yesterday"",""sideways"",""genuinely""]","genuinely","syn","sincerely"
"Choose the synonym for 'stanza'.","[""verse"",""ladder"",""puddle"",""whistle""]","verse","syn","stanza"
"Choose the synonym for 'structure'.","[""ladder"",""puddle"",""organisation"",""whistle""]","organisation","syn","structure"
"Choose the synonym for 'sufficient'.","[""striped"",""enough"",""wooden"",""triangular""]","enough","syn","sufficient"
"Choose the synonym for 'suggest'.","[""kneel"",""propose"",""float"",""hatch""]","propose","syn","suggest"
"Choose the synonym for 'summarise'.","[""kneel"",""float"",""hatch"",""sum up""]","sum up","syn","summarise"
"Choose the synonym for 'symbol'.","[""ladder"",""sign"",""puddle"",""whistle""]","sign","syn","symbol"
"Choose the synonym for 'theme'.","[""ladder"",""puddle"",""central idea"",""whistle""]","central idea","syn","theme"
"Choose the synonym for 'tone'.","[""ladder"",""attitude"",""puddle"",""whistle""]","attitude","syn","tone"
"Choose the synonym for 'variety'.","[""ladder"",""puddle"",""whistle"",""assortment""]","assortment","syn","variety"
